wavenumber_cm_minus_1,transmittance,absorbance
3.840000000000000000e+02,7.443999999999999506e-01,1.281936355412706396e-01
3.850000000000000000e+02,7.450999999999999845e-01,1.277854366024144817e-01
3.860000000000000000e+02,7.457000000000000295e-01,1.274358569093483884e-01
3.870000000000000000e+02,7.463999999999999524e-01,1.270283692615565008e-01
3.880000000000000000e+02,7.470999999999999863e-01,1.266212635908589568e-01
3.890000000000000000e+02,7.478000000000000203e-01,1.262145391817991735e-01
3.900000000000000000e+02,7.482999999999999652e-01,1.259242547769651721e-01
3.910000000000000000e+02,7.488000000000000211e-01,1.256341642699511651e-01
3.920000000000000000e+02,7.492999999999999661e-01,1.253442674018989678e-01
3.930000000000000000e+02,7.498000000000000220e-01,1.250545639144680921e-01
3.940000000000000000e+02,7.502999999999999670e-01,1.247650535498350532e-01
3.950000000000000000e+02,7.508000000000000229e-01,1.244757360506912741e-01
3.960000000000000000e+02,7.512999999999999678e-01,1.241866111602424189e-01
3.970000000000000000e+02,7.519000000000000128e-01,1.238399151743718868e-01
3.980000000000000000e+02,7.523999999999999577e-01,1.235512131216587595e-01
3.990000000000000000e+02,7.529000000000000137e-01,1.232627028593354934e-01
4.000000000000000000e+02,7.534999999999999476e-01,1.229167433493494194e-01
4.010000000000000000e+02,7.541999999999999815e-01,1.225134719303986319e-01
4.020000000000000000e+02,7.549000000000000155e-01,1.221105746285160026e-01
4.030000000000000000e+02,7.556000000000000494e-01,1.217080507502039943e-01
4.040000000000000000e+02,7.562999999999999723e-01,1.213058996038916676e-01
4.050000000000000000e+02,7.570000000000000062e-01,1.209041204999272423e-01
4.060000000000000000e+02,7.578000000000000291e-01,1.204453990610256098e-01
4.070000000000000000e+02,7.584999999999999520e-01,1.200444148772507325e-01
4.080000000000000000e+02,7.591999999999999860e-01,1.196438005807637511e-01
4.090000000000000000e+02,7.599000000000000199e-01,1.192435554897895850e-01
4.100000000000000000e+02,7.606000000000000538e-01,1.188436789244363134e-01
4.110000000000000000e+02,7.612999999999999767e-01,1.184441702066883900e-01
4.120000000000000000e+02,7.620000000000000107e-01,1.180450286603994953e-01
4.130000000000000000e+02,7.628000000000000336e-01,1.175893156260319622e-01
4.140000000000000000e+02,7.634999999999999565e-01,1.171909586075600418e-01
4.150000000000000000e+02,7.641999999999999904e-01,1.167929666476099776e-01
4.160000000000000000e+02,7.649000000000000243e-01,1.163953390777075353e-01
4.170000000000000000e+02,7.659000000000000252e-01,1.158279304760872347e-01
4.180000000000000000e+02,7.668000000000000371e-01,1.153178957939749866e-01
4.190000000000000000e+02,7.678000000000000380e-01,1.147518922186138435e-01
4.200000000000000000e+02,7.687000000000000499e-01,1.142431189307325790e-01
4.210000000000000000e+02,7.697000000000000508e-01,1.136785134405202818e-01
4.220000000000000000e+02,7.705999999999999517e-01,1.131709953230179144e-01
4.230000000000000000e+02,7.714999999999999636e-01,1.126640696008329445e-01
4.240000000000000000e+02,7.724999999999999645e-01,1.121015119031277679e-01
4.250000000000000000e+02,7.733999999999999764e-01,1.115958322629533594e-01
4.260000000000000000e+02,7.744999999999999662e-01,1.109785779047752080e-01
4.270000000000000000e+02,7.756999999999999451e-01,1.103062085558147165e-01
4.280000000000000000e+02,7.769000000000000350e-01,1.096348785518758279e-01
4.290000000000000000e+02,7.782000000000000028e-01,1.089087735322762790e-01
4.300000000000000000e+02,7.793999999999999817e-01,1.082395985433284996e-01
4.310000000000000000e+02,7.805999999999999606e-01,1.075714530547701303e-01
4.320000000000000000e+02,7.818000000000000504e-01,1.069043339037716450e-01
4.330000000000000000e+02,7.831000000000000183e-01,1.061827760325369518e-01
4.340000000000000000e+02,7.842999999999999972e-01,1.055177849899094078e-01
4.350000000000000000e+02,7.854999999999999760e-01,1.048538106240078788e-01
4.360000000000000000e+02,7.866999999999999549e-01,1.041908498308690700e-01
4.370000000000000000e+02,7.880000000000000338e-01,1.034737825104446590e-01
4.380000000000000000e+02,7.892000000000000126e-01,1.028129234198464220e-01
4.390000000000000000e+02,7.903999999999999915e-01,1.021530684204283029e-01
4.400000000000000000e+02,7.915999999999999703e-01,1.014942144656413581e-01
4.410000000000000000e+02,7.929000000000000492e-01,1.007815821486271884e-01
4.420000000000000000e+02,7.941000000000000281e-01,1.001248039789893324e-01
4.430000000000000000e+02,7.953000000000000069e-01,9.946901754724413180e-02
4.440000000000000000e+02,7.964999999999999858e-01,9.881421986284970316e-02
4.450000000000000000e+02,7.977999999999999536e-01,9.810596802617926881e-02
4.460000000000000000e+02,7.990000000000000435e-01,9.745322068600857646e-02
4.470000000000000000e+02,8.002000000000000224e-01,9.680145295702162478e-02
4.480000000000000000e+02,8.014000000000000012e-01,9.615066190331901519e-02
4.490000000000000000e+02,8.026999999999999691e-01,9.544673702322724329e-02
4.500000000000000000e+02,8.038999999999999480e-01,9.479797133768139150e-02
4.510000000000000000e+02,8.051000000000000378e-01,9.415017335768122164e-02
4.520000000000000000e+02,8.063000000000000167e-01,9.350334020064700324e-02
4.530000000000000000e+02,8.075999999999999845e-01,9.280368972839833641e-02
4.540000000000000000e+02,8.087999999999999634e-01,9.215885741705537315e-02
4.550000000000000000e+02,8.100000000000000533e-01,9.151498112135021679e-02
4.560000000000000000e+02,8.112000000000000322e-01,9.087205801073922062e-02
4.570000000000000000e+02,8.125000000000000000e-01,9.017663034908801611e-02
4.580000000000000000e+02,8.136999999999999789e-01,8.953568400438638442e-02
4.590000000000000000e+02,8.149999999999999467e-01,8.884239126002341225e-02
4.600000000000000000e+02,8.163000000000000256e-01,8.815020350057985177e-02
4.610000000000000000e+02,8.175999999999999934e-01,8.745911720936248857e-02
4.620000000000000000e+02,8.188999999999999613e-01,8.676912888643946442e-02
4.630000000000000000e+02,8.202000000000000401e-01,8.608023504853407060e-02
4.640000000000000000e+02,8.215000000000000080e-01,8.539243222891947094e-02
4.650000000000000000e+02,8.227999999999999758e-01,8.470571697731360539e-02
4.660000000000000000e+02,8.241000000000000547e-01,8.402008585977560617e-02
4.670000000000000000e+02,8.254000000000000226e-01,8.333553545860282463e-02
4.680000000000000000e+02,8.266999999999999904e-01,8.265206237222837149e-02
4.690000000000000000e+02,8.279999999999999583e-01,8.196966321511987841e-02
4.700000000000000000e+02,8.293000000000000371e-01,8.128833461767875912e-02
4.710000000000000000e+02,8.306000000000000050e-01,8.060807322614063630e-02
4.720000000000000000e+02,8.318999999999999728e-01,7.992887570247592111e-02
4.730000000000000000e+02,8.330999999999999517e-01,7.930286553007999395e-02
4.740000000000000000e+02,8.340999999999999526e-01,7.878187880504969320e-02
4.750000000000000000e+02,8.350999999999999535e-01,7.826151631540131937e-02
4.760000000000000000e+02,8.360999999999999543e-01,7.774177656703339101e-02
4.770000000000000000e+02,8.370999999999999552e-01,7.722265807120215486e-02
4.780000000000000000e+02,8.380999999999999561e-01,7.670415934449607842e-02
4.790000000000000000e+02,8.388999999999999790e-01,7.628980560343721906e-02
4.800000000000000000e+02,8.391999999999999460e-01,7.613452481449858866e-02
4.810000000000000000e+02,8.395000000000000240e-01,7.597929952593240888e-02
4.820000000000000000e+02,8.398999999999999799e-01,7.577241873988228849e-02
4.830000000000000000e+02,8.401999999999999469e-01,7.561732279802685364e-02
4.840000000000000000e+02,8.405000000000000249e-01,7.546228222451019374e-02
4.850000000000000000e+02,8.407999999999999918e-01,7.530729697981419779e-02
4.860000000000000000e+02,8.410999999999999588e-01,7.515236702446287387e-02
4.870000000000000000e+02,8.414000000000000368e-01,7.499749231902243241e-02
4.880000000000000000e+02,8.417000000000000037e-01,7.484267282410148048e-02
4.890000000000000000e+02,8.418999999999999817e-01,7.473949048056474642e-02
4.900000000000000000e+02,8.416000000000000147e-01,7.489427319033614694e-02
4.910000000000000000e+02,8.414000000000000368e-01,7.499749231902243241e-02
4.920000000000000000e+02,8.410999999999999588e-01,7.515236702446287387e-02
4.930000000000000000e+02,8.408999999999999808e-01,7.525564752005145519e-02
4.940000000000000000e+02,8.407000000000000028e-01,7.535895258283711873e-02
4.950000000000000000e+02,8.404000000000000359e-01,7.551395626608500833e-02
4.960000000000000000e+02,8.401999999999999469e-01,7.561732279802685364e-02
4.970000000000000000e+02,8.398999999999999799e-01,7.577241873988228849e-02
4.980000000000000000e+02,8.397000000000000020e-01,7.587584681417518240e-02
4.990000000000000000e+02,8.394000000000000350e-01,7.603103512452871748e-02
5.000000000000000000e+02,8.391999999999999460e-01,7.613452481449858866e-02
5.010000000000000000e+02,8.386000000000000121e-01,7.644514193245058320e-02
5.020000000000000000e+02,8.379999999999999671e-01,7.675598136972351659e-02
5.030000000000000000e+02,8.374000000000000332e-01,7.706704344478831903e-02
5.040000000000000000e+02,8.367999999999999883e-01,7.737832847680098380e-02
5.050000000000000000e+02,8.362000000000000544e-01,7.768983678560405226e-02
5.060000000000000000e+02,8.356000000000000094e-01,7.800156869172902852e-02
5.070000000000000000e+02,8.349999999999999645e-01,7.831352451639793377e-02
5.080000000000000000e+02,8.344000000000000306e-01,7.862570458152552677e-02
5.090000000000000000e+02,8.337999999999999856e-01,7.893810920972142708e-02
5.100000000000000000e+02,8.333000000000000407e-01,7.919861817434578621e-02
5.110000000000000000e+02,8.326999999999999957e-01,7.951143534170219962e-02
5.120000000000000000e+02,8.320999999999999508e-01,7.982447798997724386e-02
5.130000000000000000e+02,8.315000000000000169e-01,8.013774644446194917e-02
5.140000000000000000e+02,8.309999999999999609e-01,8.039897621588902588e-02
5.150000000000000000e+02,8.304000000000000270e-01,8.071265949561735875e-02
5.160000000000000000e+02,8.297999999999999821e-01,8.102656950704580086e-02
5.170000000000000000e+02,8.292000000000000481e-01,8.134070657817674133e-02
5.180000000000000000e+02,8.286999999999999922e-01,8.160266115629984107e-02
5.190000000000000000e+02,8.280999999999999472e-01,8.191721535781282260e-02
5.200000000000000000e+02,8.275000000000000133e-01,8.223199755224364083e-02
5.210000000000000000e+02,8.268999999999999684e-01,8.254700807033653331e-02
5.220000000000000000e+02,8.264000000000000234e-01,8.280969148843582428e-02
5.230000000000000000e+02,8.257999999999999785e-01,8.312512146131668944e-02
5.240000000000000000e+02,8.259999999999999565e-01,8.301995267961780056e-02
5.250000000000000000e+02,8.263000000000000345e-01,8.286224724355571725e-02
5.260000000000000000e+02,8.266999999999999904e-01,8.265206237222837149e-02
5.270000000000000000e+02,8.270999999999999464e-01,8.244197917456388969e-02
5.280000000000000000e+02,8.274000000000000243e-01,8.228448344050659502e-02
5.290000000000000000e+02,8.277999999999999803e-01,8.207457793525885226e-02
5.300000000000000000e+02,8.280999999999999472e-01,8.191721535781282260e-02
5.310000000000000000e+02,8.285000000000000142e-01,8.170748724464443891e-02
5.320000000000000000e+02,8.288999999999999702e-01,8.149786036382622445e-02
5.330000000000000000e+02,8.292000000000000481e-01,8.134070657817674133e-02
5.340000000000000000e+02,8.296000000000000041e-01,8.113125661901544883e-02
5.350000000000000000e+02,8.299999999999999600e-01,8.092190762392612036e-02
5.360000000000000000e+02,8.306999999999999940e-01,8.055578953476306980e-02
5.370000000000000000e+02,8.314000000000000279e-01,8.018997982980402561e-02
5.380000000000000000e+02,8.322000000000000508e-01,7.977228854307147343e-02
5.390000000000000000e+02,8.328999999999999737e-01,7.940713791519152243e-02
5.400000000000000000e+02,8.336999999999999966e-01,7.899019850296566669e-02
5.410000000000000000e+02,8.344000000000000306e-01,7.862570458152552677e-02
5.420000000000000000e+02,8.352000000000000535e-01,7.820951434181303008e-02
5.430000000000000000e+02,8.358999999999999764e-01,7.784567476894116433e-02
5.440000000000000000e+02,8.366000000000000103e-01,7.748213975538854881e-02
5.450000000000000000e+02,8.374000000000000332e-01,7.706704344478831903e-02
5.460000000000000000e+02,8.380999999999999561e-01,7.670415934449607842e-02
5.470000000000000000e+02,8.387999999999999901e-01,7.634157820669376648e-02
5.480000000000000000e+02,8.396000000000000130e-01,7.592757008963715859e-02
5.490000000000000000e+02,8.403000000000000469e-01,7.556563645676933616e-02
5.500000000000000000e+02,8.409999999999999698e-01,7.520400420208783743e-02
5.510000000000000000e+02,8.417999999999999927e-01,7.479107858799645403e-02
5.520000000000000000e+02,8.415000000000000258e-01,7.494587968815734358e-02
5.530000000000000000e+02,8.408999999999999808e-01,7.525564752005145519e-02
5.540000000000000000e+02,8.403000000000000469e-01,7.556563645676933616e-02
5.550000000000000000e+02,8.397000000000000020e-01,7.587584681417518240e-02
5.560000000000000000e+02,8.390999999999999570e-01,7.618627890881034259e-02
5.570000000000000000e+02,8.385000000000000231e-01,7.649693305789545539e-02
5.580000000000000000e+02,8.378999999999999782e-01,7.680780957933251718e-02
5.590000000000000000e+02,8.372000000000000552e-01,7.717078033335110498e-02
5.600000000000000000e+02,8.366000000000000103e-01,7.748213975538854881e-02
5.610000000000000000e+02,8.359999999999999654e-01,7.779372256098363025e-02
5.620000000000000000e+02,8.362000000000000544e-01,7.768983678560405226e-02
5.630000000000000000e+02,8.368999999999999773e-01,7.732643214144578614e-02
5.640000000000000000e+02,8.376000000000000112e-01,7.696333132921406861e-02
5.650000000000000000e+02,8.385000000000000231e-01,7.649693305789545539e-02
5.660000000000000000e+02,8.396000000000000130e-01,7.592757008963715859e-02
5.670000000000000000e+02,8.399999999999999689e-01,7.572071393811835582e-02
5.680000000000000000e+02,8.417000000000000037e-01,7.484267282410148048e-02
5.690000000000000000e+02,8.427000000000000046e-01,7.432700607875947219e-02
5.700000000000000000e+02,8.437999999999999945e-01,7.376047895413781474e-02
5.710000000000000000e+02,8.447999999999999954e-01,7.324609481026296554e-02
5.720000000000000000e+02,8.447999999999999954e-01,7.324609481026296554e-02
5.730000000000000000e+02,8.444000000000000394e-01,7.345177536438120269e-02
5.740000000000000000e+02,8.439999999999999725e-01,7.365755337434495842e-02
5.750000000000000000e+02,8.436000000000000165e-01,7.386342893255121167e-02
5.760000000000000000e+02,8.431999999999999496e-01,7.406940213152864161e-02
5.770000000000000000e+02,8.428999999999999826e-01,7.422394616325371508e-02
5.780000000000000000e+02,8.425000000000000266e-01,7.443009045662375700e-02
5.790000000000000000e+02,8.420999999999999597e-01,7.463633264589844551e-02
5.800000000000000000e+02,8.417000000000000037e-01,7.484267282410148048e-02
5.810000000000000000e+02,8.414000000000000368e-01,7.499749231902243241e-02
5.820000000000000000e+02,8.411999999999999478e-01,7.510073598571653797e-02
5.830000000000000000e+02,8.409999999999999698e-01,7.520400420208783743e-02
5.840000000000000000e+02,8.407999999999999918e-01,7.530729697981419779e-02
5.850000000000000000e+02,8.405000000000000249e-01,7.546228222451019374e-02
5.860000000000000000e+02,8.403000000000000469e-01,7.556563645676933616e-02
5.870000000000000000e+02,8.400999999999999579e-01,7.566901529132161186e-02
5.880000000000000000e+02,8.404000000000000359e-01,7.551395626608500833e-02
5.890000000000000000e+02,8.408999999999999808e-01,7.525564752005145519e-02
5.900000000000000000e+02,8.414000000000000368e-01,7.499749231902243241e-02
5.910000000000000000e+02,8.418999999999999817e-01,7.473949048056474642e-02
5.920000000000000000e+02,8.424000000000000377e-01,7.448164182256987453e-02
5.930000000000000000e+02,8.435000000000000275e-01,7.391491307485596740e-02
5.940000000000000000e+02,8.446000000000000174e-01,7.334892291111110019e-02
5.950000000000000000e+02,8.457000000000000073e-01,7.278366940873523538e-02
5.960000000000000000e+02,8.468999999999999861e-01,7.216786713341821757e-02
5.970000000000000000e+02,8.479999999999999760e-01,7.160414774328618948e-02
5.980000000000000000e+02,8.491999999999999549e-01,7.099001450603882601e-02
5.990000000000000000e+02,8.501999999999999558e-01,7.047889936889598084e-02
6.000000000000000000e+02,8.510999999999999677e-01,7.001940948448528990e-02
6.010000000000000000e+02,8.519999999999999796e-01,6.956040523329989900e-02
6.020000000000000000e+02,8.528999999999999915e-01,6.910188558989542595e-02
6.030000000000000000e+02,8.538000000000000034e-01,6.864384953207203210e-02
6.040000000000000000e+02,8.547000000000000153e-01,6.818629604086068330e-02
6.050000000000000000e+02,8.547000000000000153e-01,6.818629604086068330e-02
6.060000000000000000e+02,8.546000000000000263e-01,6.823711151882226600e-02
6.070000000000000000e+02,8.544000000000000483e-01,6.833876031551877617e-02
6.080000000000000000e+02,8.541999999999999593e-01,6.844043290919477052e-02
6.090000000000000000e+02,8.538999999999999924e-01,6.859298644342652629e-02
6.100000000000000000e+02,8.536000000000000254e-01,6.874559358358650618e-02
6.110000000000000000e+02,8.532999999999999474e-01,6.889825436736127240e-02
6.120000000000000000e+02,8.529999999999999805e-01,6.905096883247698047e-02
6.130000000000000000e+02,8.528999999999999915e-01,6.910188558989542595e-02
6.140000000000000000e+02,8.529999999999999805e-01,6.905096883247698047e-02
6.150000000000000000e+02,8.531999999999999584e-01,6.894915322260888879e-02
6.160000000000000000e+02,8.532999999999999474e-01,6.889825436736127240e-02
6.170000000000000000e+02,8.534000000000000474e-01,6.884736147670671158e-02
6.180000000000000000e+02,8.535000000000000364e-01,6.879647454924756045e-02
6.190000000000000000e+02,8.538000000000000034e-01,6.864384953207203210e-02
6.200000000000000000e+02,8.546000000000000263e-01,6.823711151882226600e-02
6.210000000000000000e+02,8.554000000000000492e-01,6.783075407920771682e-02
6.220000000000000000e+02,8.561999999999999611e-01,6.742477650170942971e-02
6.230000000000000000e+02,8.571999999999999620e-01,6.691783763020896225e-02
6.240000000000000000e+02,8.588000000000000078e-01,6.610796423578892134e-02
6.250000000000000000e+02,8.604000000000000536e-01,6.529959828457501669e-02
6.260000000000000000e+02,8.619999999999999885e-01,6.449273417528721131e-02
6.270000000000000000e+02,8.636000000000000343e-01,6.368736633780680556e-02
6.280000000000000000e+02,8.651999999999999691e-01,6.288348923294614923e-02
6.290000000000000000e+02,8.659000000000000030e-01,6.253226035662251547e-02
6.300000000000000000e+02,8.665000000000000480e-01,6.223143295006416942e-02
6.310000000000000000e+02,8.670999999999999819e-01,6.193081377661427411e-02
6.320000000000000000e+02,8.677000000000000268e-01,6.163040254819367181e-02
6.330000000000000000e+02,8.675000000000000488e-01,6.173051653708865050e-02
6.340000000000000000e+02,8.666000000000000369e-01,6.218131530164398152e-02
6.350000000000000000e+02,8.657000000000000250e-01,6.263258248271039164e-02
6.360000000000000000e+02,8.649999999999999911e-01,6.298389253518578423e-02
6.370000000000000000e+02,8.643999999999999462e-01,6.328524178879629813e-02
6.380000000000000000e+02,8.637000000000000233e-01,6.363708040225554696e-02
6.390000000000000000e+02,8.630999999999999783e-01,6.393888339001153887e-02
6.400000000000000000e+02,8.625000000000000444e-01,6.424089625468824838e-02
6.410000000000000000e+02,8.624000000000000554e-01,6.429125215733648424e-02
6.420000000000000000e+02,8.622999999999999554e-01,6.434161389936586539e-02
6.430000000000000000e+02,8.621999999999999664e-01,6.439198148213072515e-02
6.440000000000000000e+02,8.621999999999999664e-01,6.439198148213072515e-02
6.450000000000000000e+02,8.625000000000000444e-01,6.424089625468824838e-02
6.460000000000000000e+02,8.636000000000000343e-01,6.368736633780680556e-02
6.470000000000000000e+02,8.648000000000000131e-01,6.308431905474606860e-02
6.480000000000000000e+02,8.660999999999999810e-01,6.243196139961708357e-02
6.490000000000000000e+02,8.677000000000000268e-01,6.163040254819367181e-02
6.500000000000000000e+02,8.693999999999999506e-01,6.078036414518180747e-02
6.510000000000000000e+02,8.709999999999999964e-01,5.998184499233679551e-02
6.520000000000000000e+02,8.707000000000000295e-01,6.013145554049026398e-02
6.530000000000000000e+02,8.703999999999999515e-01,6.028111764589533933e-02
6.540000000000000000e+02,8.699999999999999956e-01,6.048074738138147638e-02
6.550000000000000000e+02,8.690999999999999837e-01,6.093025007657576486e-02
6.560000000000000000e+02,8.681999999999999718e-01,6.138021849731890855e-02
6.570000000000000000e+02,8.671999999999999709e-01,6.188073080568830958e-02
6.580000000000000000e+02,8.662999999999999590e-01,6.233168560099491134e-02
6.590000000000000000e+02,8.653999999999999471e-01,6.278310913729455434e-02
6.600000000000000000e+02,8.645000000000000462e-01,6.323500239005860890e-02
6.610000000000000000e+02,8.637000000000000233e-01,6.363708040225554696e-02
6.620000000000000000e+02,8.629000000000000004e-01,6.403953101083353916e-02
6.630000000000000000e+02,8.620999999999999774e-01,6.444235490698604907e-02
6.640000000000000000e+02,8.611999999999999655e-01,6.489597884855043131e-02
6.650000000000000000e+02,8.607000000000000206e-01,6.514819703433914755e-02
6.660000000000000000e+02,8.604000000000000536e-01,6.529959828457501669e-02
6.670000000000000000e+02,8.599999999999999867e-01,6.550154875643228458e-02
6.680000000000000000e+02,8.607000000000000206e-01,6.514819703433914755e-02
6.690000000000000000e+02,8.620999999999999774e-01,6.444235490698604907e-02
6.700000000000000000e+02,8.636000000000000343e-01,6.368736633780680556e-02
6.710000000000000000e+02,8.656000000000000361e-01,6.268275223750575942e-02
6.720000000000000000e+02,8.676000000000000378e-01,6.168045665784432918e-02
6.730000000000000000e+02,8.696000000000000396e-01,6.068046892176185564e-02
6.740000000000000000e+02,8.717000000000000304e-01,5.963295401433476445e-02
6.750000000000000000e+02,8.720999999999999863e-01,5.943371350990980795e-02
6.760000000000000000e+02,8.697000000000000286e-01,6.063052992534010560e-02
6.770000000000000000e+02,8.671999999999999709e-01,6.188073080568830958e-02
6.780000000000000000e+02,8.648000000000000131e-01,6.308431905474606860e-02
6.790000000000000000e+02,8.621999999999999664e-01,6.439198148213072515e-02
6.800000000000000000e+02,8.585000000000000409e-01,6.625970050306467796e-02
6.810000000000000000e+02,8.548999999999999932e-01,6.808468291875389988e-02
6.820000000000000000e+02,8.511999999999999567e-01,6.996838504902705425e-02
6.830000000000000000e+02,8.471999999999999531e-01,7.201405290057143194e-02
6.840000000000000000e+02,8.413000000000000478e-01,7.504911108438934442e-02
6.850000000000000000e+02,8.358999999999999764e-01,7.784567476894116433e-02
6.860000000000000000e+02,8.322000000000000508e-01,7.977228854307147343e-02
6.870000000000000000e+02,8.286000000000000032e-01,8.165507103772508268e-02
6.880000000000000000e+02,8.249999999999999556e-01,8.354605145007493183e-02
6.890000000000000000e+02,8.214000000000000190e-01,8.544530148236637035e-02
6.900000000000000000e+02,8.176999999999999824e-01,8.740600224789431272e-02
6.910000000000000000e+02,8.141000000000000458e-01,8.932224525729473563e-02
6.920000000000000000e+02,8.104999999999999982e-01,9.124698081546625539e-02
6.930000000000000000e+02,8.056999999999999718e-01,9.382663635595138441e-02
6.940000000000000000e+02,8.002000000000000224e-01,9.680145295702162478e-02
6.950000000000000000e+02,7.946999999999999620e-01,9.979678698310656682e-02
6.960000000000000000e+02,7.891000000000000236e-01,1.028679566179056398e-01
6.970000000000000000e+02,7.833999999999999853e-01,1.060164327881529395e-01
6.980000000000000000e+02,7.778000000000000469e-01,1.091320611885590319e-01
6.990000000000000000e+02,7.752000000000000002e-01,1.105862359572910847e-01
7.000000000000000000e+02,7.732999999999999874e-01,1.116519898219510143e-01
7.010000000000000000e+02,7.727000000000000535e-01,1.119890877549712394e-01
7.020000000000000000e+02,7.734999999999999654e-01,1.115396819646136822e-01
7.030000000000000000e+02,7.741999999999999993e-01,1.111468330170637120e-01
7.040000000000000000e+02,7.782999999999999918e-01,1.088529695512289730e-01
7.050000000000000000e+02,7.820000000000000284e-01,1.067932469401519785e-01
7.060000000000000000e+02,7.871000000000000218e-01,1.039700876037729232e-01
7.070000000000000000e+02,7.922000000000000153e-01,1.011651619317258943e-01
7.080000000000000000e+02,7.972000000000000197e-01,9.843270997155000035e-02
7.090000000000000000e+02,8.023000000000000131e-01,9.566320779750497882e-02
7.100000000000000000e+02,8.103000000000000203e-01,9.135416109288665987e-02
7.110000000000000000e+02,8.165999999999999925e-01,8.799062441302167581e-02
7.120000000000000000e+02,8.268999999999999684e-01,8.254700807033653331e-02
7.130000000000000000e+02,8.336999999999999966e-01,7.899019850296566669e-02
7.140000000000000000e+02,8.374000000000000332e-01,7.706704344478831903e-02
7.150000000000000000e+02,8.381999999999999451e-01,7.665234350217449422e-02
7.160000000000000000e+02,8.275000000000000133e-01,8.223199755224364083e-02
7.170000000000000000e+02,7.800000000000000266e-01,1.079053973095195768e-01
7.180000000000000000e+02,7.802000000000000046e-01,1.077940540242274398e-01
7.190000000000000000e+02,7.849000000000000421e-01,1.051856709166992254e-01
7.200000000000000000e+02,8.117999999999999661e-01,9.055095301873340718e-02
7.210000000000000000e+02,8.074000000000000066e-01,9.291125492570442845e-02
7.220000000000000000e+02,7.983000000000000096e-01,9.783387072894872416e-02
7.230000000000000000e+02,7.885999999999999677e-01,1.031432272627956365e-01
7.240000000000000000e+02,7.862999999999999989e-01,1.044117243337371048e-01
7.250000000000000000e+02,7.864999999999999769e-01,1.043012730406943506e-01
7.260000000000000000e+02,7.872000000000000108e-01,1.039149145767148952e-01
7.270000000000000000e+02,7.858000000000000540e-01,1.046879755242126619e-01
7.280000000000000000e+02,7.895999999999999686e-01,1.025928603384197030e-01
7.290000000000000000e+02,7.910000000000000364e-01,1.018235165023234218e-01
7.300000000000000000e+02,7.924999999999999822e-01,1.010007291102109073e-01
7.310000000000000000e+02,7.940000000000000391e-01,1.001794975729037168e-01
7.320000000000000000e+02,7.954999999999999849e-01,9.935981601739968250e-02
7.330000000000000000e+02,7.974999999999999867e-01,9.826930827078127206e-02
7.340000000000000000e+02,7.993999999999999995e-01,9.723585607591392344e-02
7.350000000000000000e+02,8.014000000000000012e-01,9.615066190331901519e-02
7.360000000000000000e+02,8.042000000000000259e-01,9.463593123310769240e-02
7.370000000000000000e+02,8.076999999999999735e-01,9.274991711867158761e-02
7.380000000000000000e+02,8.111000000000000432e-01,9.092559859909565834e-02
7.390000000000000000e+02,8.145999999999999908e-01,8.905559425002111673e-02
7.400000000000000000e+02,8.191000000000000503e-01,8.666307406737677743e-02
7.410000000000000000e+02,8.239999999999999547e-01,8.407278830288422711e-02
7.420000000000000000e+02,8.288999999999999702e-01,8.149786036382622445e-02
7.430000000000000000e+02,8.426000000000000156e-01,7.437854520917101808e-02
7.440000000000000000e+02,8.457999999999999963e-01,7.273231918911841898e-02
7.450000000000000000e+02,8.489999999999999769e-01,7.109230975604734215e-02
7.460000000000000000e+02,8.512999999999999456e-01,6.991736660762880307e-02
7.470000000000000000e+02,8.528000000000000025e-01,6.915280831750295065e-02
7.480000000000000000e+02,8.544000000000000483e-01,6.833876031551877617e-02
7.490000000000000000e+02,8.558999999999999941e-01,6.757697362326119117e-02
7.500000000000000000e+02,8.574000000000000510e-01,6.681652082538611093e-02
7.510000000000000000e+02,8.588999999999999968e-01,6.605739725873893686e-02
7.520000000000000000e+02,8.598999999999999977e-01,6.555205105102994423e-02
7.530000000000000000e+02,8.605000000000000426e-01,6.524912533642091006e-02
7.540000000000000000e+02,8.611999999999999655e-01,6.489597884855043131e-02
7.550000000000000000e+02,8.618999999999999995e-01,6.454311928839009949e-02
7.560000000000000000e+02,8.625000000000000444e-01,6.424089625468824838e-02
7.570000000000000000e+02,8.629999999999999893e-01,6.398920428479040745e-02
7.580000000000000000e+02,8.629000000000000004e-01,6.403953101083353916e-02
7.590000000000000000e+02,8.627000000000000224e-01,6.414020196211955849e-02
7.600000000000000000e+02,8.626000000000000334e-01,6.419054619006710205e-02
7.610000000000000000e+02,8.625000000000000444e-01,6.424089625468824838e-02
7.620000000000000000e+02,8.624000000000000554e-01,6.429125215733648424e-02
7.630000000000000000e+02,8.622999999999999554e-01,6.434161389936586539e-02
7.640000000000000000e+02,8.621999999999999664e-01,6.439198148213072515e-02
7.650000000000000000e+02,8.618999999999999995e-01,6.454311928839009949e-02
7.660000000000000000e+02,8.621999999999999664e-01,6.439198148213072515e-02
7.670000000000000000e+02,8.627000000000000224e-01,6.414020196211955849e-02
7.680000000000000000e+02,8.630999999999999783e-01,6.393888339001153887e-02
7.690000000000000000e+02,8.638000000000000123e-01,6.358680028852028987e-02
7.700000000000000000e+02,8.646000000000000352e-01,6.318476880236705007e-02
7.710000000000000000e+02,8.655000000000000471e-01,6.273292778858730045e-02
7.720000000000000000e+02,8.662999999999999590e-01,6.233168560099491134e-02
7.730000000000000000e+02,8.669999999999999929e-01,6.198090252378971043e-02
7.740000000000000000e+02,8.676000000000000378e-01,6.168045665784432918e-02
7.750000000000000000e+02,8.681999999999999718e-01,6.138021849731890855e-02
7.760000000000000000e+02,8.688000000000000167e-01,6.108018775522826294e-02
7.770000000000000000e+02,8.693999999999999506e-01,6.078036414518180747e-02
7.780000000000000000e+02,8.679999999999999938e-01,6.148027482350810341e-02
7.790000000000000000e+02,8.705000000000000515e-01,6.023122454664996822e-02
7.800000000000000000e+02,8.712999999999999634e-01,5.983228596592508886e-02
7.810000000000000000e+02,8.725000000000000533e-01,5.923456436878246634e-02
7.820000000000000000e+02,8.721999999999999753e-01,5.938391766259237120e-02
7.830000000000000000e+02,8.706000000000000405e-01,6.018133717862047399e-02
7.840000000000000000e+02,8.690999999999999837e-01,6.093025007657576486e-02
7.850000000000000000e+02,8.677000000000000268e-01,6.163040254819367181e-02
7.860000000000000000e+02,8.661999999999999700e-01,6.238182060617650238e-02
7.870000000000000000e+02,8.648000000000000131e-01,6.308431905474606860e-02
7.880000000000000000e+02,8.632999999999999563e-01,6.383825908884238620e-02
7.890000000000000000e+02,8.620999999999999774e-01,6.444235490698604907e-02
7.900000000000000000e+02,8.611999999999999655e-01,6.489597884855043131e-02
7.910000000000000000e+02,8.601999999999999647e-01,6.540056178192697744e-02
7.920000000000000000e+02,8.597000000000000197e-01,6.565307326174441016e-02
7.930000000000000000e+02,8.595000000000000417e-01,6.575411897692876040e-02
7.940000000000000000e+02,8.591999999999999638e-01,6.590573164451962729e-02
7.950000000000000000e+02,8.589999999999999858e-01,6.600683616875770154e-02
7.960000000000000000e+02,8.587000000000000188e-01,6.615853710127875265e-02
7.970000000000000000e+02,8.585000000000000409e-01,6.625970050306467796e-02
7.980000000000000000e+02,8.581999999999999629e-01,6.641148980334694862e-02
7.990000000000000000e+02,8.580999999999999739e-01,6.646209802829534941e-02
8.000000000000000000e+02,8.588999999999999968e-01,6.605739725873893686e-02
8.010000000000000000e+02,8.598000000000000087e-01,6.560255921901188281e-02
8.020000000000000000e+02,8.600999999999999757e-01,6.545105233385307975e-02
8.030000000000000000e+02,8.602999999999999536e-01,6.535007709928911113e-02
8.040000000000000000e+02,8.604000000000000536e-01,6.529959828457501669e-02
8.050000000000000000e+02,8.606000000000000316e-01,6.519865825346328470e-02
8.060000000000000000e+02,8.606000000000000316e-01,6.519865825346328470e-02
8.070000000000000000e+02,8.605000000000000426e-01,6.524912533642091006e-02
8.080000000000000000e+02,8.602999999999999536e-01,6.535007709928911113e-02
8.090000000000000000e+02,8.589999999999999858e-01,6.600683616875770154e-02
8.100000000000000000e+02,8.576000000000000290e-01,6.671522765130517840e-02
8.110000000000000000e+02,8.560999999999999721e-01,6.747550294945771354e-02
8.120000000000000000e+02,8.548000000000000043e-01,6.813548650796819039e-02
8.130000000000000000e+02,8.542999999999999483e-01,6.838959363703800420e-02
8.140000000000000000e+02,8.538000000000000034e-01,6.864384953207203210e-02
8.150000000000000000e+02,8.532999999999999474e-01,6.889825436736127240e-02
8.160000000000000000e+02,8.527000000000000135e-01,6.920373701669978173e-02
8.170000000000000000e+02,8.521999999999999575e-01,6.945847013556559479e-02
8.180000000000000000e+02,8.517000000000000126e-01,6.971335275448034552e-02
8.190000000000000000e+02,8.511999999999999567e-01,6.996838504902705425e-02
8.200000000000000000e+02,8.510999999999999677e-01,7.001940948448528990e-02
8.210000000000000000e+02,8.510999999999999677e-01,7.001940948448528990e-02
8.220000000000000000e+02,8.511999999999999567e-01,6.996838504902705425e-02
8.230000000000000000e+02,8.512999999999999456e-01,6.991736660762880307e-02
8.240000000000000000e+02,8.516000000000000236e-01,6.976434723371503777e-02
8.250000000000000000e+02,8.519999999999999796e-01,6.956040523329989900e-02
8.260000000000000000e+02,8.525000000000000355e-01,6.930561233546465860e-02
8.270000000000000000e+02,8.528999999999999915e-01,6.910188558989542595e-02
8.280000000000000000e+02,8.534000000000000474e-01,6.884736147670671158e-02
8.290000000000000000e+02,8.538999999999999924e-01,6.859298644342652629e-02
8.300000000000000000e+02,8.542999999999999483e-01,6.838959363703800420e-02
8.310000000000000000e+02,8.548000000000000043e-01,6.813548650796819039e-02
8.320000000000000000e+02,8.551999999999999602e-01,6.793230779927841856e-02
8.330000000000000000e+02,8.557000000000000162e-01,6.767846801070681595e-02
8.340000000000000000e+02,8.560999999999999721e-01,6.747550294945771354e-02
8.350000000000000000e+02,8.561999999999999611e-01,6.742477650170942971e-02
8.360000000000000000e+02,8.564000000000000501e-01,6.732334137759925230e-02
8.370000000000000000e+02,8.566000000000000281e-01,6.722192993944943462e-02
8.380000000000000000e+02,8.567000000000000171e-01,6.717123309915336293e-02
8.390000000000000000e+02,8.562999999999999501e-01,6.737405597821782832e-02
8.400000000000000000e+02,8.550999999999999712e-01,6.798309356579869400e-02
8.410000000000000000e+02,8.538999999999999924e-01,6.859298644342652629e-02
8.420000000000000000e+02,8.528000000000000025e-01,6.915280831750295065e-02
8.430000000000000000e+02,8.516000000000000236e-01,6.976434723371503777e-02
8.440000000000000000e+02,8.505000000000000338e-01,7.032568205141216666e-02
8.450000000000000000e+02,8.496000000000000218e-01,7.078549626260614847e-02
8.460000000000000000e+02,8.487000000000000099e-01,7.124579782334675149e-02
8.470000000000000000e+02,8.477999999999999980e-01,7.170658776779775812e-02
8.480000000000000000e+02,8.468999999999999861e-01,7.216786713341821757e-02
8.490000000000000000e+02,8.463000000000000522e-01,7.247565912497125340e-02
8.500000000000000000e+02,8.461999999999999522e-01,7.252697900472417081e-02
8.510000000000000000e+02,8.460999999999999632e-01,7.257830494958131262e-02
8.520000000000000000e+02,8.459999999999999742e-01,7.262963696097647637e-02
8.530000000000000000e+02,8.458999999999999853e-01,7.268097504034393141e-02
8.540000000000000000e+02,8.457999999999999963e-01,7.273231918911841898e-02
8.550000000000000000e+02,8.457000000000000073e-01,7.278366940873523538e-02
8.560000000000000000e+02,8.456000000000000183e-01,7.283502570063013493e-02
8.570000000000000000e+02,8.457000000000000073e-01,7.278366940873523538e-02
8.580000000000000000e+02,8.457999999999999963e-01,7.273231918911841898e-02
8.590000000000000000e+02,8.457999999999999963e-01,7.273231918911841898e-02
8.600000000000000000e+02,8.458999999999999853e-01,7.268097504034393141e-02
8.610000000000000000e+02,8.459999999999999742e-01,7.262963696097647637e-02
8.620000000000000000e+02,8.460999999999999632e-01,7.257830494958131262e-02
8.630000000000000000e+02,8.461999999999999522e-01,7.252697900472417081e-02
8.640000000000000000e+02,8.463000000000000522e-01,7.247565912497125340e-02
8.650000000000000000e+02,8.463000000000000522e-01,7.247565912497125340e-02
8.660000000000000000e+02,8.460999999999999632e-01,7.257830494958131262e-02
8.670000000000000000e+02,8.457999999999999963e-01,7.273231918911841898e-02
8.680000000000000000e+02,8.454000000000000403e-01,7.293775650699992064e-02
8.690000000000000000e+02,8.450999999999999623e-01,7.309189829456422260e-02
8.700000000000000000e+02,8.445000000000000284e-01,7.340034609297250989e-02
8.710000000000000000e+02,8.433000000000000496e-01,7.401789967289683358e-02
8.720000000000000000e+02,8.420999999999999597e-01,7.463633264589844551e-02
8.730000000000000000e+02,8.408999999999999808e-01,7.525564752005145519e-02
8.740000000000000000e+02,8.397000000000000020e-01,7.587584681417518240e-02
8.750000000000000000e+02,8.385000000000000231e-01,7.649693305789545539e-02
8.760000000000000000e+02,8.373000000000000442e-01,7.711890879170649193e-02
8.770000000000000000e+02,8.357999999999999874e-01,7.789763319239288719e-02
8.780000000000000000e+02,8.342000000000000526e-01,7.872981449018739974e-02
8.790000000000000000e+02,8.326999999999999957e-01,7.951143534170219962e-02
8.800000000000000000e+02,8.312000000000000499e-01,8.029446545087898235e-02
8.810000000000000000e+02,8.296000000000000041e-01,8.113125661901544883e-02
8.820000000000000000e+02,8.280999999999999472e-01,8.191721535781282260e-02
8.830000000000000000e+02,8.266000000000000014e-01,8.270459905431061520e-02
8.840000000000000000e+02,8.249999999999999556e-01,8.354605145007493183e-02
8.850000000000000000e+02,8.235000000000000098e-01,8.433639649422684792e-02
8.860000000000000000e+02,8.214000000000000190e-01,8.544530148236637035e-02
8.870000000000000000e+02,8.176999999999999824e-01,8.740600224789431272e-02
8.880000000000000000e+02,8.139999999999999458e-01,8.937559511079880281e-02
8.890000000000000000e+02,8.104000000000000092e-01,9.130056764777598477e-02
8.900000000000000000e+02,8.067999999999999616e-01,9.323411045927219865e-02
8.910000000000000000e+02,8.045999999999999819e-01,9.441997176475747100e-02
8.920000000000000000e+02,8.024000000000000021e-01,9.560907998763829019e-02
8.930000000000000000e+02,8.002000000000000224e-01,9.680145295702162478e-02
8.940000000000000000e+02,7.981000000000000316e-01,9.794268919153338582e-02
8.950000000000000000e+02,7.959000000000000519e-01,9.914149529800836413e-02
8.960000000000000000e+02,7.936999999999999611e-01,1.003436196943644082e-01
8.970000000000000000e+02,7.915999999999999703e-01,1.014942144656413581e-01
8.980000000000000000e+02,7.893999999999999906e-01,1.027028779405034786e-01
8.990000000000000000e+02,7.872000000000000108e-01,1.039149145767148952e-01
9.000000000000000000e+02,7.854999999999999760e-01,1.048538106240078788e-01
9.010000000000000000e+02,7.839000000000000412e-01,1.057393355530119039e-01
9.020000000000000000e+02,7.822999999999999954e-01,1.066266697539750841e-01
9.030000000000000000e+02,7.806999999999999496e-01,1.075158206353123702e-01
9.040000000000000000e+02,7.791000000000000147e-01,1.084067956510348513e-01
9.050000000000000000e+02,7.781000000000000139e-01,1.089645846846891697e-01
9.060000000000000000e+02,7.779000000000000359e-01,1.090762285109860563e-01
9.070000000000000000e+02,7.779000000000000359e-01,1.090762285109860563e-01
9.080000000000000000e+02,7.734999999999999654e-01,1.115396819646136822e-01
9.090000000000000000e+02,7.791000000000000147e-01,1.084067956510348513e-01
9.100000000000000000e+02,7.800000000000000266e-01,1.079053973095195768e-01
9.110000000000000000e+02,7.826999999999999513e-01,1.064046661801168192e-01
9.120000000000000000e+02,7.854999999999999760e-01,1.048538106240078788e-01
9.130000000000000000e+02,7.886999999999999567e-01,1.030881591739748609e-01
9.140000000000000000e+02,7.919000000000000483e-01,1.013296570344701386e-01
9.150000000000000000e+02,7.951000000000000290e-01,9.957824654226238303e-02
9.160000000000000000e+02,7.985999999999999766e-01,9.767069414168125241e-02
9.170000000000000000e+02,8.021000000000000352e-01,9.577148365992152468e-02
9.180000000000000000e+02,8.103000000000000203e-01,9.135416109288665987e-02
9.190000000000000000e+02,7.775999999999999579e-01,1.092437480817818607e-01
9.200000000000000000e+02,7.557000000000000384e-01,1.216505777822245032e-01
9.210000000000000000e+02,7.557000000000000384e-01,1.216505777822245032e-01
9.220000000000000000e+02,8.106999999999999762e-01,9.113982698272349303e-02
9.230000000000000000e+02,8.075999999999999845e-01,9.280368972839833641e-02
9.240000000000000000e+02,8.046999999999999709e-01,9.436599867304526490e-02
9.250000000000000000e+02,8.014000000000000012e-01,9.615066190331901519e-02
9.260000000000000000e+02,7.983999999999999986e-01,9.777947172068530979e-02
9.270000000000000000e+02,7.953999999999999959e-01,9.941441335003846358e-02
9.280000000000000000e+02,7.887999999999999456e-01,1.030330980668452273e-01
9.290000000000000000e+02,7.862000000000000099e-01,1.044669605159296161e-01
9.300000000000000000e+02,7.840000000000000302e-01,1.056839373155615408e-01
9.310000000000000000e+02,7.842999999999999972e-01,1.055177849899094078e-01
9.320000000000000000e+02,7.832000000000000073e-01,1.061273212049185788e-01
9.330000000000000000e+02,7.851000000000000201e-01,1.050750226404565807e-01
9.340000000000000000e+02,7.855999999999999650e-01,1.047985252211067614e-01
9.350000000000000000e+02,7.862000000000000099e-01,1.044669605159296161e-01
9.360000000000000000e+02,7.876999999999999558e-01,1.036391545306836470e-01
9.370000000000000000e+02,7.899000000000000465e-01,1.024278861742693725e-01
9.380000000000000000e+02,7.934999999999999831e-01,1.004530689091330115e-01
9.390000000000000000e+02,7.981000000000000316e-01,9.794268919153338582e-02
9.400000000000000000e+02,8.041000000000000369e-01,9.468993788391448507e-02
9.410000000000000000e+02,8.135000000000000009e-01,8.964244272712240669e-02
9.420000000000000000e+02,8.215000000000000080e-01,8.539243222891947094e-02
9.430000000000000000e+02,8.262000000000000455e-01,8.291480935943267017e-02
9.440000000000000000e+02,8.307999999999999829e-01,8.050351213693850150e-02
9.450000000000000000e+02,8.340999999999999526e-01,7.878187880504969320e-02
9.460000000000000000e+02,8.374000000000000332e-01,7.706704344478831903e-02
9.470000000000000000e+02,8.406000000000000139e-01,7.541061433058175723e-02
9.480000000000000000e+02,8.433000000000000496e-01,7.401789967289683358e-02
9.490000000000000000e+02,8.450999999999999623e-01,7.309189829456422260e-02
9.500000000000000000e+02,8.467999999999999972e-01,7.221915065262561606e-02
9.510000000000000000e+02,8.486000000000000210e-01,7.129697256940291383e-02
9.520000000000000000e+02,8.496000000000000218e-01,7.078549626260614847e-02
9.530000000000000000e+02,8.497999999999999998e-01,7.068327324650439114e-02
9.540000000000000000e+02,8.499999999999999778e-01,7.058107428570728481e-02
9.550000000000000000e+02,8.501999999999999558e-01,7.047889936889598084e-02
9.560000000000000000e+02,8.498999999999999888e-01,7.063217075990037286e-02
9.570000000000000000e+02,8.490999999999999659e-01,7.104115911917020798e-02
9.580000000000000000e+02,8.484000000000000430e-01,7.139934015547574897e-02
9.590000000000000000e+02,8.476000000000000201e-01,7.180905196124302836e-02
9.600000000000000000e+02,8.468999999999999861e-01,7.216786713341821757e-02
9.610000000000000000e+02,8.460999999999999632e-01,7.257830494958131262e-02
9.620000000000000000e+02,8.454000000000000403e-01,7.293775650699992064e-02
9.630000000000000000e+02,8.447000000000000064e-01,7.329750581735504367e-02
9.640000000000000000e+02,8.438999999999999835e-01,7.370901311513662624e-02
9.650000000000000000e+02,8.431999999999999496e-01,7.406940213152864161e-02
9.660000000000000000e+02,8.424000000000000377e-01,7.448164182256987453e-02
9.670000000000000000e+02,8.417999999999999927e-01,7.479107858799645403e-02
9.680000000000000000e+02,8.410999999999999588e-01,7.515236702446287387e-02
9.690000000000000000e+02,8.404000000000000359e-01,7.551395626608500833e-02
9.700000000000000000e+02,8.397999999999999909e-01,7.582412969807915404e-02
9.710000000000000000e+02,8.390999999999999570e-01,7.618627890881034259e-02
9.720000000000000000e+02,8.384000000000000341e-01,7.654873036034855194e-02
9.730000000000000000e+02,8.377999999999999892e-01,7.685964397479932986e-02
9.740000000000000000e+02,8.370999999999999552e-01,7.722265807120215486e-02
9.750000000000000000e+02,8.365000000000000213e-01,7.753405470158666879e-02
9.760000000000000000e+02,8.358999999999999764e-01,7.784567476894116433e-02
9.770000000000000000e+02,8.353000000000000425e-01,7.815751859414203639e-02
9.780000000000000000e+02,8.346999999999999975e-01,7.846958649875759861e-02
9.790000000000000000e+02,8.340999999999999526e-01,7.878187880504969320e-02
9.800000000000000000e+02,8.335000000000000187e-01,7.909439583597585588e-02
9.810000000000000000e+02,8.326999999999999957e-01,7.951143534170219962e-02
9.820000000000000000e+02,8.316999999999999948e-01,8.003329851661285244e-02
9.830000000000000000e+02,8.306999999999999940e-01,8.055578953476306980e-02
9.840000000000000000e+02,8.296999999999999931e-01,8.107890990866421788e-02
9.850000000000000000e+02,8.286999999999999922e-01,8.160266115629984107e-02
9.860000000000000000e+02,8.268999999999999684e-01,8.254700807033653331e-02
9.870000000000000000e+02,8.243000000000000327e-01,8.391470015629726165e-02
9.880000000000000000e+02,8.216999999999999860e-01,8.528671302637619300e-02
9.890000000000000000e+02,8.181000000000000494e-01,8.719360733870765157e-02
9.900000000000000000e+02,8.141000000000000458e-01,8.932224525729473563e-02
9.910000000000000000e+02,8.100000000000000533e-01,9.151498112135021679e-02
9.920000000000000000e+02,8.060000000000000497e-01,9.366495819490933128e-02
9.930000000000000000e+02,8.026999999999999691e-01,9.544673702322724329e-02
9.940000000000000000e+02,7.996999999999999664e-01,9.707290398273714371e-02
9.950000000000000000e+02,7.965999999999999748e-01,9.875969792669081482e-02
9.960000000000000000e+02,7.935999999999999721e-01,1.003983408538777766e-01
9.970000000000000000e+02,7.904999999999999805e-01,1.020981257317721547e-01
9.980000000000000000e+02,7.874999999999999778e-01,1.037494375383618966e-01
9.990000000000000000e+02,7.843999999999999861e-01,1.054624150042535735e-01
1.000000000000000000e+03,7.813999999999999835e-01,1.071265931112343611e-01
1.001000000000000000e+03,7.772000000000000020e-01,1.094672080722550872e-01
1.002000000000000000e+03,7.728000000000000425e-01,1.119328865925630495e-01
1.003000000000000000e+03,7.683999999999999719e-01,1.144126438103439808e-01
1.004000000000000000e+03,7.640000000000000124e-01,1.169066414243100649e-01
1.005000000000000000e+03,7.593999999999999639e-01,1.195294071962216403e-01
1.006000000000000000e+03,7.544999999999999485e-01,1.223407558883913837e-01
1.007000000000000000e+03,7.496000000000000441e-01,1.251704221202781242e-01
1.008000000000000000e+03,7.446000000000000396e-01,1.280769681176265051e-01
1.009000000000000000e+03,7.397000000000000242e-01,1.309443812980920496e-01
1.010000000000000000e+03,7.348000000000000087e-01,1.338308523662292970e-01
1.011000000000000000e+03,7.301999999999999602e-01,1.365581713862913937e-01
1.012000000000000000e+03,7.258000000000000007e-01,1.391830361354623180e-01
1.013000000000000000e+03,7.215000000000000302e-01,1.417636645704869747e-01
1.014000000000000000e+03,7.171999999999999487e-01,1.443597191098547894e-01
1.015000000000000000e+03,7.128999999999999782e-01,1.469713852870102866e-01
1.016000000000000000e+03,7.086000000000000076e-01,1.495988520028415647e-01
1.017000000000000000e+03,7.043000000000000371e-01,1.522423116076687122e-01
1.018000000000000000e+03,7.003000000000000336e-01,1.547158736520084787e-01
1.019000000000000000e+03,6.962000000000000410e-01,1.572659810517303969e-01
1.020000000000000000e+03,6.922000000000000375e-01,1.597684050418910762e-01
1.021000000000000000e+03,6.882000000000000339e-01,1.622853317150886598e-01
1.022000000000000000e+03,6.841000000000000414e-01,1.648804095754503318e-01
1.023000000000000000e+03,6.801000000000000378e-01,1.674272251538201361e-01
1.024000000000000000e+03,6.761000000000000343e-01,1.699890640638821171e-01
1.025000000000000000e+03,6.725999999999999757e-01,1.722431370213832191e-01
1.026000000000000000e+03,6.693000000000000060e-01,1.743791749964998250e-01
1.027000000000000000e+03,6.660000000000000364e-01,1.765257708296989192e-01
1.028000000000000000e+03,6.626999999999999558e-01,1.786830294089026550e-01
1.029000000000000000e+03,6.594999999999999751e-01,1.807852001176159240e-01
1.030000000000000000e+03,6.562000000000000055e-01,1.829637739499711258e-01
1.031000000000000000e+03,6.529000000000000359e-01,1.851533313955366911e-01
1.032000000000000000e+03,6.495999999999999552e-01,1.873539837668811436e-01
1.033000000000000000e+03,6.463999999999999746e-01,1.894986522334702606e-01
1.034000000000000000e+03,6.445999999999999508e-01,1.907096988236843538e-01
1.035000000000000000e+03,6.435999999999999499e-01,1.913839645730081029e-01
1.036000000000000000e+03,6.425999999999999490e-01,1.920592787845007698e-01
1.037000000000000000e+03,6.415999999999999481e-01,1.927356447238929571e-01
1.038000000000000000e+03,6.413999999999999702e-01,1.928710444075783792e-01
1.039000000000000000e+03,6.422999999999999821e-01,1.922620779858992546e-01
1.040000000000000000e+03,6.431000000000000050e-01,1.917214904172321599e-01
1.041000000000000000e+03,6.440000000000000169e-01,1.911141326401878948e-01
1.042000000000000000e+03,6.449000000000000288e-01,1.905076230626581435e-01
1.043000000000000000e+03,6.459000000000000297e-01,1.898347154568503503e-01
1.044000000000000000e+03,6.482999999999999874e-01,1.882239783970962310e-01
1.045000000000000000e+03,6.506999999999999451e-01,1.866191932661443453e-01
1.046000000000000000e+03,6.531000000000000139e-01,1.850203162392432266e-01
1.047000000000000000e+03,6.554999999999999716e-01,1.834273039738969491e-01
1.048000000000000000e+03,6.578000000000000513e-01,1.819061308533640731e-01
1.049000000000000000e+03,6.602000000000000091e-01,1.803244800057072772e-01
1.050000000000000000e+03,6.625999999999999668e-01,1.787485684540588426e-01
1.051000000000000000e+03,6.650000000000000355e-01,1.771783546968953849e-01
1.052000000000000000e+03,6.673999999999999932e-01,1.756137976812260637e-01
1.053000000000000000e+03,6.701000000000000290e-01,1.738603820640852171e-01
1.054000000000000000e+03,6.727999999999999536e-01,1.721140172101442711e-01
1.055000000000000000e+03,6.755999999999999783e-01,1.703103591010289575e-01
1.056000000000000000e+03,6.784000000000000030e-01,1.685141607513425954e-01
1.057000000000000000e+03,6.811000000000000387e-01,1.667891197173912432e-01
1.058000000000000000e+03,6.838999999999999524e-01,1.650073962669701411e-01
1.059000000000000000e+03,6.865999999999999881e-01,1.632962009102686962e-01
1.060000000000000000e+03,6.895999999999999908e-01,1.614027471833436311e-01
1.061000000000000000e+03,6.925999999999999934e-01,1.595175127865579856e-01
1.062000000000000000e+03,6.956999999999999851e-01,1.575779966423502265e-01
1.063000000000000000e+03,6.986999999999999877e-01,1.557092567456568599e-01
1.064000000000000000e+03,7.017999999999999794e-01,1.537866361206126353e-01
1.065000000000000000e+03,7.047999999999999821e-01,1.519341045960085068e-01
1.066000000000000000e+03,7.078999999999999737e-01,1.500280876711498901e-01
1.067000000000000000e+03,7.109999999999999654e-01,1.481303992702337202e-01
1.068000000000000000e+03,7.139999999999999680e-01,1.463017882238256406e-01
1.069000000000000000e+03,7.175000000000000266e-01,1.441780945939700465e-01
1.070000000000000000e+03,7.223000000000000531e-01,1.412823851397083108e-01
1.071000000000000000e+03,7.270999999999999686e-01,1.384058553561347549e-01
1.072000000000000000e+03,7.318000000000000060e-01,1.356075948494113170e-01
1.073000000000000000e+03,7.366000000000000325e-01,1.327682854811058355e-01
1.074000000000000000e+03,7.413999999999999480e-01,1.299474183064551758e-01
1.075000000000000000e+03,7.485000000000000542e-01,1.258081953209288228e-01
1.076000000000000000e+03,7.789000000000000368e-01,1.085182961604799767e-01
1.077000000000000000e+03,7.894999999999999796e-01,1.026478656556869679e-01
1.078000000000000000e+03,7.949000000000000510e-01,9.968750301627336829e-02
1.079000000000000000e+03,7.970000000000000417e-01,9.854167860388762801e-02
1.080000000000000000e+03,7.991000000000000325e-01,9.739886933346868225e-02
1.081000000000000000e+03,8.002000000000000224e-01,9.680145295702162478e-02
1.082000000000000000e+03,8.011000000000000343e-01,9.631326826349750903e-02
1.083000000000000000e+03,8.020000000000000462e-01,9.582563171583646788e-02
1.084000000000000000e+03,8.027999999999999581e-01,9.539263618455208482e-02
1.085000000000000000e+03,8.036999999999999700e-01,9.490603167212871560e-02
1.086000000000000000e+03,8.048999999999999488e-01,9.425807260839857982e-02
1.087000000000000000e+03,8.064999999999999947e-01,9.339562827501968201e-02
1.088000000000000000e+03,8.080000000000000515e-01,9.258863922541381297e-02
1.089000000000000000e+03,8.095999999999999863e-01,9.172950050427611246e-02
1.090000000000000000e+03,8.111000000000000432e-01,9.092559859909565834e-02
1.091000000000000000e+03,8.125000000000000000e-01,9.017663034908801611e-02
1.092000000000000000e+03,8.138999999999999568e-01,8.942895151874147297e-02
1.093000000000000000e+03,8.152000000000000357e-01,8.873582900163000386e-02
1.094000000000000000e+03,8.165999999999999925e-01,8.799062441302167581e-02
1.095000000000000000e+03,8.179999999999999494e-01,8.724669632867702862e-02
1.096000000000000000e+03,8.197999999999999732e-01,8.629208601951707247e-02
1.097000000000000000e+03,8.215999999999999970e-01,8.533956941077822100e-02
1.098000000000000000e+03,8.234000000000000208e-01,8.438913733853274646e-02
1.099000000000000000e+03,8.250999999999999446e-01,8.349341288484435353e-02
1.100000000000000000e+03,8.267999999999999794e-01,8.259953204474937416e-02
1.101000000000000000e+03,8.285000000000000142e-01,8.170748724464443891e-02
1.102000000000000000e+03,8.302000000000000490e-01,8.081727095749934031e-02
1.103000000000000000e+03,8.314000000000000279e-01,8.018997982980402561e-02
1.104000000000000000e+03,8.314000000000000279e-01,8.018997982980402561e-02
1.105000000000000000e+03,8.314000000000000279e-01,8.018997982980402561e-02
1.106000000000000000e+03,8.314000000000000279e-01,8.018997982980402561e-02
1.107000000000000000e+03,8.314000000000000279e-01,8.018997982980402561e-02
1.108000000000000000e+03,8.314000000000000279e-01,8.018997982980402561e-02
1.109000000000000000e+03,8.314000000000000279e-01,8.018997982980402561e-02
1.110000000000000000e+03,8.313000000000000389e-01,8.024221949810581012e-02
1.111000000000000000e+03,8.313000000000000389e-01,8.024221949810581012e-02
1.112000000000000000e+03,8.312000000000000499e-01,8.029446545087898235e-02
1.113000000000000000e+03,8.312000000000000499e-01,8.029446545087898235e-02
1.114000000000000000e+03,8.310999999999999499e-01,8.034671768963583260e-02
1.115000000000000000e+03,8.310999999999999499e-01,8.034671768963583260e-02
1.116000000000000000e+03,8.309999999999999609e-01,8.039897621588902588e-02
1.117000000000000000e+03,8.310999999999999499e-01,8.034671768963583260e-02
1.118000000000000000e+03,8.316999999999999948e-01,8.003329851661285244e-02
1.119000000000000000e+03,8.322000000000000508e-01,7.977228854307147343e-02
1.120000000000000000e+03,8.327999999999999847e-01,7.945928349752026665e-02
1.121000000000000000e+03,8.333000000000000407e-01,7.919861817434578621e-02
1.122000000000000000e+03,8.338999999999999746e-01,7.888602616331935602e-02
1.123000000000000000e+03,8.344000000000000306e-01,7.862570458152552677e-02
1.124000000000000000e+03,8.348999999999999755e-01,7.836553894629461059e-02
1.125000000000000000e+03,8.354000000000000314e-01,7.810552907089766961e-02
1.126000000000000000e+03,8.358999999999999764e-01,7.784567476894116433e-02
1.127000000000000000e+03,8.363000000000000433e-01,7.763790321520995519e-02
1.128000000000000000e+03,8.356999999999999984e-01,7.794959783282619237e-02
1.129000000000000000e+03,8.350999999999999535e-01,7.826151631540131937e-02
1.130000000000000000e+03,8.348999999999999755e-01,7.836553894629461059e-02
1.131000000000000000e+03,8.334000000000000297e-01,7.914650387874078152e-02
1.132000000000000000e+03,8.323000000000000398e-01,7.972010536705156913e-02
1.133000000000000000e+03,8.312000000000000499e-01,8.029446545087898235e-02
1.134000000000000000e+03,8.300999999999999490e-01,8.086958613938560747e-02
1.135000000000000000e+03,8.290999999999999481e-01,8.139308485501810242e-02
1.136000000000000000e+03,8.285000000000000142e-01,8.170748724464443891e-02
1.137000000000000000e+03,8.279999999999999583e-01,8.196966321511987841e-02
1.138000000000000000e+03,8.274000000000000243e-01,8.228448344050659502e-02
1.139000000000000000e+03,8.267999999999999794e-01,8.259953204474937416e-02
1.140000000000000000e+03,8.268999999999999684e-01,8.254700807033653331e-02
1.141000000000000000e+03,8.270999999999999464e-01,8.244197917456388969e-02
1.142000000000000000e+03,8.273000000000000353e-01,8.233697567262503181e-02
1.143000000000000000e+03,8.275000000000000133e-01,8.223199755224364083e-02
1.144000000000000000e+03,8.276999999999999913e-01,8.212704480115209926e-02
1.145000000000000000e+03,8.278999999999999693e-01,8.202211740709175469e-02
1.146000000000000000e+03,8.285000000000000142e-01,8.170748724464443891e-02
1.147000000000000000e+03,8.292000000000000481e-01,8.134070657817674133e-02
1.148000000000000000e+03,8.298999999999999710e-01,8.097423541263973346e-02
1.149000000000000000e+03,8.305000000000000160e-01,8.066036321258671093e-02
1.150000000000000000e+03,8.312000000000000499e-01,8.029446545087898235e-02
1.151000000000000000e+03,8.317999999999999838e-01,7.998108397108519285e-02
1.152000000000000000e+03,8.319999999999999618e-01,7.987667370927607757e-02
1.153000000000000000e+03,8.320999999999999508e-01,7.982447798997724386e-02
1.154000000000000000e+03,8.323000000000000398e-01,7.972010536705156913e-02
1.155000000000000000e+03,8.325000000000000178e-01,7.961575782164251325e-02
1.156000000000000000e+03,8.326999999999999957e-01,7.951143534170219962e-02
1.157000000000000000e+03,8.327999999999999847e-01,7.945928349752026665e-02
1.158000000000000000e+03,8.326999999999999957e-01,7.951143534170219962e-02
1.159000000000000000e+03,8.323000000000000398e-01,7.972010536705156913e-02
1.160000000000000000e+03,8.317999999999999838e-01,7.998108397108519285e-02
1.161000000000000000e+03,8.314000000000000279e-01,8.018997982980402561e-02
1.162000000000000000e+03,8.309999999999999609e-01,8.039897621588902588e-02
1.163000000000000000e+03,8.305000000000000160e-01,8.066036321258671093e-02
1.164000000000000000e+03,8.299999999999999600e-01,8.092190762392612036e-02
1.165000000000000000e+03,8.292000000000000481e-01,8.134070657817674133e-02
1.166000000000000000e+03,8.284000000000000252e-01,8.175990977858499376e-02
1.167000000000000000e+03,8.276000000000000023e-01,8.217951800630302062e-02
1.168000000000000000e+03,8.267999999999999794e-01,8.259953204474937416e-02
1.169000000000000000e+03,8.259999999999999565e-01,8.301995267961780056e-02
1.170000000000000000e+03,8.253000000000000336e-01,8.338815489065401487e-02
1.171000000000000000e+03,8.246999999999999886e-01,8.370400543686910833e-02
1.172000000000000000e+03,8.239999999999999547e-01,8.407278830288422711e-02
1.173000000000000000e+03,8.234000000000000208e-01,8.438913733853274646e-02
1.174000000000000000e+03,8.227999999999999758e-01,8.470571697731360539e-02
1.175000000000000000e+03,8.221000000000000529e-01,8.507535179485148369e-02
1.176000000000000000e+03,8.215000000000000080e-01,8.539243222891947094e-02
1.177000000000000000e+03,8.207999999999999741e-01,8.576265223225895684e-02
1.178000000000000000e+03,8.206999999999999851e-01,8.581556657675368238e-02
1.179000000000000000e+03,8.209999999999999520e-01,8.565684288055924744e-02
1.180000000000000000e+03,8.212000000000000410e-01,8.555105930144571436e-02
1.181000000000000000e+03,8.221000000000000529e-01,8.507535179485148369e-02
1.182000000000000000e+03,8.232000000000000428e-01,8.449463824562346292e-02
1.183000000000000000e+03,8.239999999999999547e-01,8.407278830288422711e-02
1.184000000000000000e+03,8.237999999999999767e-01,8.417821237960126934e-02
1.185000000000000000e+03,8.235999999999999988e-01,8.428366205400623923e-02
1.186000000000000000e+03,8.235000000000000098e-01,8.433639649422684792e-02
1.187000000000000000e+03,8.233000000000000318e-01,8.444188458847955159e-02
1.188000000000000000e+03,8.227999999999999758e-01,8.470571697731360539e-02
1.189000000000000000e+03,8.222000000000000419e-01,8.502252755566902520e-02
1.190000000000000000e+03,8.216999999999999860e-01,8.528671302637619300e-02
1.191000000000000000e+03,8.211000000000000520e-01,8.560394787021390062e-02
1.192000000000000000e+03,8.206999999999999851e-01,8.581556657675368238e-02
1.193000000000000000e+03,8.204000000000000181e-01,8.597434830367131631e-02
1.194000000000000000e+03,8.201000000000000512e-01,8.613318810376070778e-02
1.195000000000000000e+03,8.197999999999999732e-01,8.629208601951707247e-02
1.196000000000000000e+03,8.195000000000000062e-01,8.645104209348211666e-02
1.197000000000000000e+03,8.192000000000000393e-01,8.661005636824443965e-02
1.198000000000000000e+03,8.188999999999999613e-01,8.676912888643946442e-02
1.199000000000000000e+03,8.185999999999999943e-01,8.692825969074925718e-02
1.200000000000000000e+03,8.183000000000000274e-01,8.708744882390304087e-02
1.201000000000000000e+03,8.179999999999999494e-01,8.724669632867702862e-02
1.202000000000000000e+03,8.177999999999999714e-01,8.735289378168283048e-02
1.203000000000000000e+03,8.176999999999999824e-01,8.740600224789431272e-02
1.204000000000000000e+03,8.175000000000000044e-01,8.751223866767630921e-02
1.205000000000000000e+03,8.174000000000000155e-01,8.756536662442532259e-02
1.206000000000000000e+03,8.173000000000000265e-01,8.761850108119965952e-02
1.207000000000000000e+03,8.172000000000000375e-01,8.767164203958999202e-02
1.208000000000000000e+03,8.171000000000000485e-01,8.772478950118764440e-02
1.209000000000000000e+03,8.169999999999999485e-01,8.777794346758453770e-02
1.210000000000000000e+03,8.167999999999999705e-01,8.788427092114618755e-02
1.211000000000000000e+03,8.166999999999999815e-01,8.793744441149765889e-02
1.212000000000000000e+03,8.164000000000000146e-01,8.809700395596709033e-02
1.213000000000000000e+03,8.159999999999999476e-01,8.830984124613888708e-02
1.214000000000000000e+03,8.155999999999999917e-01,8.852278289389761690e-02
1.215000000000000000e+03,8.152000000000000357e-01,8.873582900163000386e-02
1.216000000000000000e+03,8.147999999999999687e-01,8.894897967187351262e-02
1.217000000000000000e+03,8.144000000000000128e-01,8.916223500731645935e-02
1.218000000000000000e+03,8.139999999999999458e-01,8.937559511079880281e-02
1.219000000000000000e+03,8.135999999999999899e-01,8.958906008531182519e-02
1.220000000000000000e+03,8.132000000000000339e-01,8.980263003399899246e-02
1.221000000000000000e+03,8.127999999999999670e-01,9.001630506015598221e-02
1.222000000000000000e+03,8.124000000000000110e-01,9.023008526723085010e-02
1.223000000000000000e+03,8.120000000000000551e-01,9.044397075882466830e-02
1.224000000000000000e+03,8.115999999999999881e-01,9.065796163869162261e-02
1.225000000000000000e+03,8.111000000000000432e-01,9.092559859909565834e-02
1.226000000000000000e+03,8.106999999999999762e-01,9.113982698272349303e-02
1.227000000000000000e+03,8.103000000000000203e-01,9.135416109288665987e-02
1.228000000000000000e+03,8.098999999999999533e-01,9.156860103399364070e-02
1.229000000000000000e+03,8.094999999999999973e-01,9.178314691060746044e-02
1.230000000000000000e+03,8.091000000000000414e-01,9.199779882744633930e-02
1.231000000000000000e+03,8.086999999999999744e-01,9.221255688938384543e-02
1.232000000000000000e+03,8.083000000000000185e-01,9.242742120144903373e-02
1.233000000000000000e+03,8.078999999999999515e-01,9.264239186882715360e-02
1.234000000000000000e+03,8.074999999999999956e-01,9.285746899685949629e-02
1.235000000000000000e+03,8.084000000000000075e-01,9.237369515673361786e-02
1.236000000000000000e+03,8.097999999999999643e-01,9.162222756760542153e-02
1.237000000000000000e+03,8.108999999999999542e-01,9.103269958161216979e-02
1.238000000000000000e+03,8.118999999999999551e-01,9.049745859458457886e-02
1.239000000000000000e+03,8.127999999999999670e-01,9.001630506015598221e-02
1.240000000000000000e+03,8.137999999999999678e-01,8.948231448273356869e-02
1.241000000000000000e+03,8.137999999999999678e-01,8.948231448273356869e-02
1.242000000000000000e+03,8.135000000000000009e-01,8.964244272712240669e-02
1.243000000000000000e+03,8.133000000000000229e-01,8.974922769985199666e-02
1.244000000000000000e+03,8.129999999999999449e-01,8.990945440593185733e-02
1.245000000000000000e+03,8.127999999999999670e-01,9.001630506015598221e-02
1.246000000000000000e+03,8.125000000000000000e-01,9.017663034908801611e-02
1.247000000000000000e+03,8.115999999999999881e-01,9.065796163869162261e-02
1.248000000000000000e+03,8.104000000000000092e-01,9.130056764777598477e-02
1.249000000000000000e+03,8.092000000000000304e-01,9.194412590123290929e-02
1.250000000000000000e+03,8.080000000000000515e-01,9.258863922541381297e-02
1.251000000000000000e+03,8.066999999999999726e-01,9.328794305703597134e-02
1.252000000000000000e+03,8.062000000000000277e-01,9.355720618296761715e-02
1.253000000000000000e+03,8.055999999999999828e-01,9.388054245443841483e-02
1.254000000000000000e+03,8.051000000000000378e-01,9.415017335768122164e-02
1.255000000000000000e+03,8.045999999999999819e-01,9.441997176475747100e-02
1.256000000000000000e+03,8.041000000000000369e-01,9.468993788391448507e-02
1.257000000000000000e+03,8.035999999999999810e-01,9.496007192378846939e-02
1.258000000000000000e+03,8.031000000000000361e-01,9.523037409340490145e-02
1.259000000000000000e+03,8.027999999999999581e-01,9.539263618455208482e-02
1.260000000000000000e+03,8.027999999999999581e-01,9.539263618455208482e-02
1.261000000000000000e+03,8.028999999999999471e-01,9.533854208447552214e-02
1.262000000000000000e+03,8.028999999999999471e-01,9.533854208447552214e-02
1.263000000000000000e+03,8.030000000000000471e-01,9.528445472131903682e-02
1.264000000000000000e+03,8.031000000000000361e-01,9.523037409340490145e-02
1.265000000000000000e+03,8.032000000000000250e-01,9.517630019905587435e-02
1.266000000000000000e+03,8.034000000000000030e-01,9.506817260434739791e-02
1.267000000000000000e+03,8.035999999999999810e-01,9.496007192378846939e-02
1.268000000000000000e+03,8.037999999999999590e-01,9.485199814398397045e-02
1.269000000000000000e+03,8.040000000000000480e-01,9.474395125154870534e-02
1.270000000000000000e+03,8.042000000000000259e-01,9.463593123310769240e-02
1.271000000000000000e+03,8.044000000000000039e-01,9.452793807529566439e-02
1.272000000000000000e+03,8.045999999999999819e-01,9.441997176475747100e-02
1.273000000000000000e+03,8.041000000000000369e-01,9.468993788391448507e-02
1.274000000000000000e+03,8.034999999999999920e-01,9.501411890063665711e-02
1.275000000000000000e+03,8.028999999999999471e-01,9.533854208447552214e-02
1.276000000000000000e+03,8.022000000000000242e-01,9.571734235437198701e-02
1.277000000000000000e+03,8.014999999999999902e-01,9.609647330983638047e-02
1.278000000000000000e+03,8.004000000000000004e-01,9.669292003582620476e-02
1.279000000000000000e+03,7.993000000000000105e-01,9.729018703012291824e-02
1.280000000000000000e+03,7.982000000000000206e-01,9.788827655199554278e-02
1.281000000000000000e+03,7.971000000000000307e-01,9.848719087006002626e-02
1.282000000000000000e+03,7.960000000000000409e-01,9.908693226233093732e-02
1.283000000000000000e+03,7.954999999999999849e-01,9.935981601739968250e-02
1.284000000000000000e+03,7.956999999999999629e-01,9.925064193892048359e-02
1.285000000000000000e+03,7.959000000000000519e-01,9.914149529800836413e-02
1.286000000000000000e+03,7.961000000000000298e-01,9.903237608087571420e-02
1.287000000000000000e+03,7.960000000000000409e-01,9.908693226233093732e-02
1.288000000000000000e+03,7.956999999999999629e-01,9.925064193892048359e-02
1.289000000000000000e+03,7.953999999999999959e-01,9.941441335003846358e-02
1.290000000000000000e+03,7.951000000000000290e-01,9.957824654226238303e-02
1.291000000000000000e+03,7.949000000000000510e-01,9.968750301627336829e-02
1.292000000000000000e+03,7.945999999999999730e-01,9.985143928065595698e-02
1.293000000000000000e+03,7.943000000000000060e-01,1.000154374506089933e-01
1.294000000000000000e+03,7.940000000000000391e-01,1.001794975729037168e-01
1.295000000000000000e+03,7.937999999999999501e-01,1.002889054288554210e-01
1.296000000000000000e+03,7.934999999999999831e-01,1.004530689091330115e-01
1.297000000000000000e+03,7.933000000000000052e-01,1.005625457138224349e-01
1.298000000000000000e+03,7.931000000000000272e-01,1.006720501223459102e-01
1.299000000000000000e+03,7.932000000000000162e-01,1.006172944667349245e-01
1.300000000000000000e+03,7.933000000000000052e-01,1.005625457138224349e-01
1.301000000000000000e+03,7.933999999999999941e-01,1.005078038618682917e-01
1.302000000000000000e+03,7.929000000000000492e-01,1.007815821486271884e-01
1.303000000000000000e+03,7.919000000000000483e-01,1.013296570344701386e-01
1.304000000000000000e+03,7.909000000000000474e-01,1.018784244588923221e-01
1.305000000000000000e+03,7.899000000000000465e-01,1.024278861742693725e-01
1.306000000000000000e+03,7.890000000000000346e-01,1.029229967905796739e-01
1.307000000000000000e+03,7.880000000000000338e-01,1.034737825104446590e-01
1.308000000000000000e+03,7.870000000000000329e-01,1.040252676409354204e-01
1.309000000000000000e+03,7.861000000000000210e-01,1.045222037242853758e-01
1.310000000000000000e+03,7.852000000000000091e-01,1.050197090720313975e-01
1.311000000000000000e+03,7.842999999999999972e-01,1.055177849899094078e-01
1.312000000000000000e+03,7.832999999999999963e-01,1.060718734573931343e-01
1.313000000000000000e+03,7.823999999999999844e-01,1.065711582204549868e-01
1.314000000000000000e+03,7.814999999999999725e-01,1.070710176447943057e-01
1.315000000000000000e+03,7.805999999999999606e-01,1.075714530547701303e-01
1.316000000000000000e+03,7.793999999999999817e-01,1.082395985433284996e-01
1.317000000000000000e+03,7.782000000000000028e-01,1.089087735322762790e-01
1.318000000000000000e+03,7.771000000000000130e-01,1.095230910398292262e-01
1.319000000000000000e+03,7.753999999999999782e-01,1.104742033288088066e-01
1.320000000000000000e+03,7.730000000000000204e-01,1.118205060816750834e-01
1.321000000000000000e+03,7.705999999999999517e-01,1.131709953230179144e-01
1.322000000000000000e+03,7.691000000000000059e-01,1.140171886450268984e-01
1.323000000000000000e+03,7.692999999999999838e-01,1.139042675622526091e-01
1.324000000000000000e+03,7.695999999999999508e-01,1.137349409702434755e-01
1.325000000000000000e+03,7.709000000000000297e-01,1.130019543289006029e-01
1.326000000000000000e+03,7.722999999999999865e-01,1.122139651616284595e-01
1.327000000000000000e+03,7.737000000000000544e-01,1.114274031424000305e-01
1.328000000000000000e+03,7.741000000000000103e-01,1.112029325433192273e-01
1.329000000000000000e+03,7.759000000000000341e-01,1.101942481319145573e-01
1.330000000000000000e+03,7.788000000000000478e-01,1.085740571520059095e-01
1.331000000000000000e+03,7.839000000000000412e-01,1.057393355530119039e-01
1.332000000000000000e+03,7.865999999999999659e-01,1.042460579262721038e-01
1.333000000000000000e+03,7.803999999999999826e-01,1.076827392775195485e-01
1.334000000000000000e+03,7.072000000000000508e-01,1.504577479949832930e-01
1.335000000000000000e+03,6.627999999999999448e-01,1.786175002527009004e-01
1.336000000000000000e+03,6.624999999999999778e-01,1.788141173911545478e-01
1.337000000000000000e+03,7.184000000000000385e-01,1.436336763407520256e-01
1.338000000000000000e+03,7.721999999999999975e-01,1.122702027119696910e-01
1.339000000000000000e+03,7.740000000000000213e-01,1.112590393171073860e-01
1.340000000000000000e+03,7.755999999999999561e-01,1.103621995933322525e-01
1.341000000000000000e+03,7.758000000000000451e-01,1.102502247359622989e-01
1.342000000000000000e+03,7.759000000000000341e-01,1.101942481319145573e-01
1.343000000000000000e+03,7.760000000000000231e-01,1.101382787418115489e-01
1.344000000000000000e+03,7.752000000000000002e-01,1.105862359572910847e-01
1.345000000000000000e+03,7.739000000000000323e-01,1.113151533403010651e-01
1.346000000000000000e+03,7.760000000000000231e-01,1.101382787418115489e-01
1.347000000000000000e+03,7.647000000000000464e-01,1.165089098110700244e-01
1.348000000000000000e+03,7.149999999999999689e-01,1.456939581989193933e-01
1.349000000000000000e+03,6.683000000000000052e-01,1.750285388763067052e-01
1.350000000000000000e+03,6.691000000000000281e-01,1.745089701205690957e-01
1.351000000000000000e+03,6.800000000000000488e-01,1.674910872937636630e-01
1.352000000000000000e+03,6.925999999999999934e-01,1.595175127865579856e-01
1.353000000000000000e+03,7.053000000000000380e-01,1.516261161553981718e-01
1.354000000000000000e+03,7.178999999999999826e-01,1.439360466669002137e-01
1.355000000000000000e+03,7.305000000000000382e-01,1.363797797296844028e-01
1.356000000000000000e+03,7.554999999999999494e-01,1.217655313249558502e-01
1.357000000000000000e+03,7.526000000000000467e-01,1.234357860161544446e-01
1.358000000000000000e+03,7.486000000000000432e-01,1.257501772215968983e-01
1.359000000000000000e+03,7.284000000000000474e-01,1.376300628771175705e-01
1.360000000000000000e+03,7.082000000000000517e-01,1.498440775779077139e-01
1.361000000000000000e+03,6.881000000000000449e-01,1.623484421536075251e-01
1.362000000000000000e+03,6.679000000000000492e-01,1.752885565352656494e-01
1.363000000000000000e+03,6.477000000000000535e-01,1.886261029461067384e-01
1.364000000000000000e+03,5.975000000000000311e-01,2.236620903798246796e-01
1.365000000000000000e+03,5.794000000000000261e-01,2.370215091322569745e-01
1.366000000000000000e+03,5.672000000000000375e-01,2.462637778249898435e-01
1.367000000000000000e+03,5.563000000000000167e-01,2.546909400591720329e-01
1.368000000000000000e+03,5.461000000000000298e-01,2.627278234644566113e-01
1.369000000000000000e+03,5.360000000000000320e-01,2.708352103072299566e-01
1.370000000000000000e+03,5.258000000000000451e-01,2.791794182296560289e-01
1.371000000000000000e+03,5.188000000000000389e-01,2.850000325879574747e-01
1.372000000000000000e+03,5.120000000000000107e-01,2.907300390241692178e-01
1.373000000000000000e+03,5.051999999999999824e-01,2.965366581167068749e-01
1.374000000000000000e+03,4.983000000000000207e-01,3.025091128289430498e-01
1.375000000000000000e+03,4.914999999999999925e-01,3.084764778318455636e-01
1.376000000000000000e+03,4.850999999999999757e-01,3.141687253739364194e-01
1.377000000000000000e+03,4.788999999999999924e-01,3.197551629573923138e-01
1.378000000000000000e+03,4.726000000000000201e-01,3.255062827036497852e-01
1.379000000000000000e+03,4.663999999999999813e-01,3.312414582490423309e-01
1.380000000000000000e+03,4.601999999999999980e-01,3.370533856673754158e-01
1.381000000000000000e+03,4.540000000000000147e-01,3.429441471428960608e-01
1.382000000000000000e+03,4.477999999999999758e-01,3.489159107569885787e-01
1.383000000000000000e+03,4.415999999999999925e-01,3.549709352788575356e-01
1.384000000000000000e+03,4.354000000000000092e-01,3.611115752949244362e-01
1.385000000000000000e+03,4.295999999999999819e-01,3.669357273085008253e-01
1.386000000000000000e+03,4.245999999999999774e-01,3.720200101700200102e-01
1.387000000000000000e+03,4.197000000000000175e-01,3.770610307885099433e-01
1.388000000000000000e+03,4.148000000000000020e-01,3.821612522829966330e-01
1.389000000000000000e+03,4.098999999999999866e-01,3.873220816834982427e-01
1.390000000000000000e+03,4.050000000000000266e-01,3.925449767853314009e-01
1.391000000000000000e+03,4.001000000000000112e-01,3.978314486210028367e-01
1.392000000000000000e+03,3.951999999999999957e-01,4.031830640844095148e-01
1.393000000000000000e+03,3.902999999999999803e-01,4.086014487187513144e-01
1.394000000000000000e+03,3.855999999999999983e-01,4.138629747692068594e-01
1.395000000000000000e+03,3.815999999999999948e-01,4.183916339679424889e-01
1.396000000000000000e+03,3.775999999999999912e-01,4.229680143739686371e-01
1.397000000000000000e+03,3.734999999999999987e-01,4.277093938485824198e-01
1.398000000000000000e+03,3.694999999999999951e-01,4.323855572691554516e-01
1.399000000000000000e+03,3.654999999999999916e-01,4.371126187061207258e-01
1.400000000000000000e+03,3.614999999999999880e-01,4.418916983694504141e-01
1.401000000000000000e+03,3.573999999999999955e-01,4.468454518303745515e-01
1.402000000000000000e+03,3.533999999999999919e-01,4.517334548292547547e-01
1.403000000000000000e+03,3.493999999999999884e-01,4.566770993530878675e-01
1.404000000000000000e+03,3.452999999999999958e-01,4.618034216505457756e-01
1.405000000000000000e+03,3.412999999999999923e-01,4.668637117213611520e-01
1.406000000000000000e+03,3.380000000000000226e-01,4.710832997223452501e-01
1.407000000000000000e+03,3.348999999999999755e-01,4.750848524601331557e-01
1.408000000000000000e+03,3.317999999999999838e-01,4.791236183116581171e-01
1.409000000000000000e+03,3.286999999999999922e-01,4.832002959183756552e-01
1.410000000000000000e+03,3.256000000000000005e-01,4.873156037828363929e-01
1.411000000000000000e+03,3.224000000000000199e-01,4.916049668669469352e-01
1.412000000000000000e+03,3.192999999999999727e-01,4.958010814605551264e-01
1.413000000000000000e+03,3.161999999999999811e-01,5.000381344038097309e-01
1.414000000000000000e+03,3.130999999999999894e-01,5.043169323830847262e-01
1.415000000000000000e+03,3.099999999999999978e-01,5.086383061657273608e-01
1.416000000000000000e+03,3.069000000000000061e-01,5.130031115681773501e-01
1.417000000000000000e+03,3.038000000000000145e-01,5.174122304732324817e-01
1.418000000000000000e+03,3.007000000000000228e-01,5.218665718994824898e-01
1.419000000000000000e+03,2.975999999999999757e-01,5.263670731261589353e-01
1.420000000000000000e+03,2.944999999999999840e-01,5.309147008768795306e-01
1.421000000000000000e+03,2.913999999999999924e-01,5.355104525660286940e-01
1.422000000000000000e+03,2.882000000000000117e-01,5.403060235220294993e-01
1.423000000000000000e+03,2.849999999999999756e-01,5.451551399914897900e-01
1.424000000000000000e+03,2.817999999999999949e-01,5.500590112266623422e-01
1.425000000000000000e+03,2.787000000000000033e-01,5.548630312866957848e-01
1.426000000000000000e+03,2.755000000000000226e-01,5.598783968121960886e-01
1.427000000000000000e+03,2.722999999999999865e-01,5.649523586600354585e-01
1.428000000000000000e+03,2.691000000000000059e-01,5.700863022362454569e-01
1.429000000000000000e+03,2.660000000000000142e-01,5.751183633689329611e-01
1.430000000000000000e+03,2.627999999999999781e-01,5.803746391122568404e-01
1.431000000000000000e+03,2.595999999999999974e-01,5.856953118716683448e-01
1.432000000000000000e+03,2.564000000000000168e-01,5.910819791532201384e-01
1.433000000000000000e+03,2.533000000000000251e-01,5.963648102094519787e-01
1.434000000000000000e+03,2.501999999999999780e-01,6.017126946425989109e-01
1.435000000000000000e+03,2.472999999999999921e-01,6.067758836387027177e-01
1.436000000000000000e+03,2.444999999999999951e-01,6.117211365403609769e-01
1.437000000000000000e+03,2.416000000000000092e-01,6.169030700509057219e-01
1.438000000000000000e+03,2.386999999999999955e-01,6.221475809932454082e-01
1.439000000000000000e+03,2.358999999999999986e-01,6.272720591144045343e-01
1.440000000000000000e+03,2.330000000000000127e-01,6.326440789739810056e-01
1.441000000000000000e+03,2.300999999999999990e-01,6.380833813313565583e-01
1.442000000000000000e+03,2.273000000000000020e-01,6.434005642750292298e-01
1.443000000000000000e+03,2.243999999999999884e-01,6.489771474158761988e-01
1.444000000000000000e+03,2.215000000000000024e-01,6.546262694409116234e-01
1.445000000000000000e+03,2.187000000000000055e-01,6.601512169623628967e-01
1.446000000000000000e+03,2.157999999999999918e-01,6.659485596531081741e-01
1.447000000000000000e+03,2.129000000000000059e-01,6.718243385616774477e-01
1.448000000000000000e+03,2.111000000000000099e-01,6.755117666923435849e-01
1.449000000000000000e+03,2.099000000000000032e-01,6.779875614175995269e-01
1.450000000000000000e+03,2.088000000000000134e-01,6.802695056697753984e-01
1.451000000000000000e+03,2.076999999999999957e-01,6.825635034649009114e-01
1.452000000000000000e+03,2.064999999999999891e-01,6.850799440075802105e-01
1.453000000000000000e+03,2.053999999999999992e-01,6.873995607387406448e-01
1.454000000000000000e+03,2.043000000000000094e-01,6.897316333675523881e-01
1.455000000000000000e+03,2.031000000000000028e-01,6.922900765951932600e-01
1.456000000000000000e+03,2.020000000000000129e-01,6.946486305533762229e-01
1.457000000000000000e+03,2.008999999999999952e-01,6.970200632517508099e-01
1.458000000000000000e+03,1.996999999999999886e-01,6.996219351292974897e-01
1.459000000000000000e+03,1.985999999999999988e-01,7.020207558406376114e-01
1.460000000000000000e+03,1.975000000000000089e-01,7.044329000375209038e-01
1.461000000000000000e+03,1.975999999999999979e-01,7.042130597483906573e-01
1.462000000000000000e+03,1.978000000000000036e-01,7.037737127388393743e-01
1.463000000000000000e+03,1.980999999999999983e-01,7.031155244614529787e-01
1.464000000000000000e+03,1.990999999999999992e-01,7.009287399725904200e-01
1.465000000000000000e+03,2.008000000000000063e-01,6.972362915270182704e-01
1.466000000000000000e+03,2.025000000000000133e-01,6.935749724493126545e-01
1.467000000000000000e+03,2.041000000000000036e-01,6.901569952839294864e-01
1.468000000000000000e+03,2.061000000000000054e-01,6.859220082207870828e-01
1.469000000000000000e+03,2.083000000000000129e-01,6.813107300522540655e-01
1.470000000000000000e+03,2.104999999999999927e-01,6.767478998283128488e-01
1.471000000000000000e+03,2.126000000000000112e-01,6.724367398127220063e-01
1.472000000000000000e+03,2.147999999999999909e-01,6.679657229724820233e-01
1.473000000000000000e+03,2.169999999999999984e-01,6.635402661514705480e-01
1.474000000000000000e+03,2.192000000000000060e-01,6.591594501876684165e-01
1.475000000000000000e+03,2.212999999999999967e-01,6.550185860727421039e-01
1.476000000000000000e+03,2.235000000000000042e-01,6.507224725320447378e-01
1.477000000000000000e+03,2.257000000000000117e-01,6.464684409222379857e-01
1.478000000000000000e+03,2.285000000000000087e-01,6.411137955941309530e-01
1.479000000000000000e+03,2.315000000000000113e-01,6.354490046460280483e-01
1.480000000000000000e+03,2.344999999999999862e-01,6.298571529488979914e-01
1.481000000000000000e+03,2.373999999999999999e-01,6.245192853814275358e-01
1.482000000000000000e+03,2.404000000000000026e-01,6.190655366692980888e-01
1.483000000000000000e+03,2.434000000000000052e-01,6.136794261059538291e-01
1.484000000000000000e+03,2.464000000000000079e-01,6.083592965076121128e-01
1.485000000000000000e+03,2.494000000000000106e-01,6.031035508574761339e-01
1.486000000000000000e+03,2.523000000000000242e-01,5.980827494824253465e-01
1.487000000000000000e+03,2.553000000000000269e-01,5.929491851957496840e-01
1.488000000000000000e+03,2.582999999999999741e-01,5.878755938266828629e-01
1.489000000000000000e+03,2.612999999999999767e-01,5.828605902726744503e-01
1.490000000000000000e+03,2.642999999999999794e-01,5.779028368682896932e-01
1.491000000000000000e+03,2.671999999999999931e-01,5.731635461964919021e-01
1.492000000000000000e+03,2.701999999999999957e-01,5.683146553139881707e-01
1.493000000000000000e+03,2.732999999999999874e-01,5.633603683073393764e-01
1.494000000000000000e+03,2.777000000000000024e-01,5.564241202497424155e-01
1.495000000000000000e+03,2.819999999999999729e-01,5.497508916806389534e-01
1.496000000000000000e+03,2.863999999999999879e-01,5.430269863641821182e-01
1.497000000000000000e+03,2.908000000000000029e-01,5.364055978129997904e-01
1.498000000000000000e+03,2.952000000000000179e-01,5.298836468489960261e-01
1.499000000000000000e+03,2.994999999999999885e-01,5.236031732746698752e-01
1.500000000000000000e+03,3.039000000000000035e-01,5.172692999200571018e-01
1.501000000000000000e+03,3.083000000000000185e-01,5.110264752734917648e-01
1.502000000000000000e+03,3.125999999999999890e-01,5.050110263168319236e-01
1.503000000000000000e+03,3.170000000000000040e-01,4.989407377822485112e-01
1.504000000000000000e+03,3.214000000000000190e-01,4.929541275726742611e-01
1.505000000000000000e+03,3.257999999999999785e-01,4.870489200275094355e-01
1.506000000000000000e+03,3.301000000000000045e-01,4.813544756696884752e-01
1.507000000000000000e+03,3.345000000000000195e-01,4.756038778961580449e-01
1.508000000000000000e+03,3.388999999999999790e-01,4.699284311626217847e-01
1.509000000000000000e+03,3.438999999999999835e-01,4.635678241779865316e-01
1.510000000000000000e+03,3.488999999999999879e-01,4.572990305518891407e-01
1.511000000000000000e+03,3.539999999999999813e-01,4.509967379742121918e-01
1.512000000000000000e+03,3.589999999999999858e-01,4.449055514216808671e-01
1.513000000000000000e+03,3.640999999999999792e-01,4.387793210660562715e-01
1.514000000000000000e+03,3.690999999999999837e-01,4.328559548043428573e-01
1.515000000000000000e+03,3.741999999999999771e-01,4.268962168360089238e-01
1.516000000000000000e+03,3.791999999999999815e-01,4.211316713339713913e-01
1.517000000000000000e+03,3.842999999999999750e-01,4.153296155356512864e-01
1.518000000000000000e+03,3.892999999999999794e-01,4.097155962818381236e-01
1.519000000000000000e+03,3.946999999999999953e-01,4.037328736044846766e-01
1.520000000000000000e+03,4.008999999999999786e-01,3.969639437494784096e-01
1.521000000000000000e+03,4.071000000000000174e-01,3.902988976206004934e-01
1.522000000000000000e+03,4.133000000000000007e-01,3.837345947182917993e-01
1.523000000000000000e+03,4.195999999999999730e-01,3.771645204784797589e-01
1.524000000000000000e+03,4.258000000000000118e-01,3.707943428976962497e-01
1.525000000000000000e+03,4.319999999999999951e-01,3.645162531850879017e-01
1.526000000000000000e+03,4.381999999999999784e-01,3.583276267753134903e-01
1.527000000000000000e+03,4.444000000000000172e-01,3.522259497311699961e-01
1.528000000000000000e+03,4.511000000000000010e-01,3.457271729022894924e-01
1.529000000000000000e+03,4.590000000000000191e-01,3.381873144627387529e-01
1.530000000000000000e+03,4.668999999999999817e-01,3.307761260691942096e-01
1.531000000000000000e+03,4.747999999999999998e-01,3.234892897174463933e-01
1.532000000000000000e+03,4.827000000000000179e-01,3.163227011813080081e-01
1.533000000000000000e+03,4.905999999999999805e-01,3.092724561296331109e-01
1.534000000000000000e+03,5.052999999999999714e-01,2.964507017617695195e-01
1.535000000000000000e+03,5.311000000000000165e-01,2.748236985808628075e-01
1.536000000000000000e+03,5.564000000000000057e-01,2.546128786799912169e-01
1.537000000000000000e+03,5.776999999999999913e-01,2.382976324585873162e-01
1.538000000000000000e+03,6.270000000000000018e-01,2.027324591692835631e-01
1.539000000000000000e+03,6.481000000000000094e-01,1.883579785468489920e-01
1.540000000000000000e+03,6.693000000000000060e-01,1.743791749964998250e-01
1.541000000000000000e+03,6.904000000000000137e-01,1.608992172928468134e-01
1.542000000000000000e+03,7.116000000000000103e-01,1.477640605881125613e-01
1.543000000000000000e+03,7.275000000000000355e-01,1.381670023420550897e-01
1.544000000000000000e+03,7.322999999999999510e-01,1.353109658631489742e-01
1.545000000000000000e+03,7.348999999999999977e-01,1.337717526203527907e-01
1.546000000000000000e+03,7.376000000000000334e-01,1.321790919544270637e-01
1.547000000000000000e+03,7.395000000000000462e-01,1.310618216670887126e-01
1.548000000000000000e+03,7.407000000000000250e-01,1.303576553484052658e-01
1.549000000000000000e+03,7.418000000000000149e-01,1.297131710074086453e-01
1.550000000000000000e+03,7.429999999999999938e-01,1.290111862394247022e-01
1.551000000000000000e+03,7.185000000000000275e-01,1.435732275297555149e-01
1.552000000000000000e+03,6.926999999999999824e-01,1.594548123631612246e-01
1.553000000000000000e+03,7.335000000000000409e-01,1.345998818206984859e-01
1.554000000000000000e+03,6.965999999999999970e-01,1.570165298777825291e-01
1.555000000000000000e+03,7.059999999999999609e-01,1.511952989481962495e-01
1.556000000000000000e+03,7.128999999999999782e-01,1.469713852870102866e-01
1.557000000000000000e+03,7.177000000000000046e-01,1.440570537676839624e-01
1.558000000000000000e+03,7.234000000000000430e-01,1.406214955743990414e-01
1.559000000000000000e+03,7.322999999999999510e-01,1.353109658631489742e-01
1.560000000000000000e+03,7.411999999999999700e-01,1.300645893531400532e-01
1.561000000000000000e+03,7.500999999999999890e-01,1.248808345374318035e-01
1.562000000000000000e+03,7.590000000000000080e-01,1.197582241045196394e-01
1.563000000000000000e+03,7.679000000000000270e-01,1.146953324110320249e-01
1.564000000000000000e+03,7.711000000000000076e-01,1.128892968751162990e-01
1.565000000000000000e+03,7.409999999999999920e-01,1.301817920206718437e-01
1.566000000000000000e+03,6.824999999999999956e-01,1.658973442872063442e-01
1.567000000000000000e+03,6.535999999999999588e-01,1.846879564756409575e-01
1.568000000000000000e+03,6.724999999999999867e-01,1.723077113255544190e-01
1.569000000000000000e+03,7.788000000000000478e-01,1.085740571520059095e-01
1.570000000000000000e+03,7.802000000000000046e-01,1.077940540242274398e-01
1.571000000000000000e+03,7.719000000000000306e-01,1.124389590699909625e-01
1.572000000000000000e+03,7.651999999999999913e-01,1.162250386447417627e-01
1.573000000000000000e+03,7.584999999999999520e-01,1.200444148772507325e-01
1.574000000000000000e+03,7.532999999999999696e-01,1.230320325674151560e-01
1.575000000000000000e+03,7.486000000000000432e-01,1.257501772215968983e-01
1.576000000000000000e+03,7.438000000000000167e-01,1.285438259770461944e-01
1.577000000000000000e+03,7.451999999999999735e-01,1.277271537757949937e-01
1.578000000000000000e+03,7.541999999999999815e-01,1.225134719303986319e-01
1.579000000000000000e+03,7.618000000000000327e-01,1.181590316750725650e-01
1.580000000000000000e+03,7.694999999999999618e-01,1.137913758325025115e-01
1.581000000000000000e+03,7.772999999999999909e-01,1.094113322945127476e-01
1.582000000000000000e+03,7.842000000000000082e-01,1.055731620358120598e-01
1.583000000000000000e+03,7.940000000000000391e-01,1.001794975729037168e-01
1.584000000000000000e+03,7.932000000000000162e-01,1.006172944667349245e-01
1.585000000000000000e+03,7.939000000000000501e-01,1.002341980556138851e-01
1.586000000000000000e+03,7.943000000000000060e-01,1.000154374506089933e-01
1.587000000000000000e+03,7.945999999999999730e-01,9.985143928065595698e-02
1.588000000000000000e+03,7.953000000000000069e-01,9.946901754724413180e-02
1.589000000000000000e+03,7.961000000000000298e-01,9.903237608087571420e-02
1.590000000000000000e+03,7.976999999999999647e-01,9.816040794877053943e-02
1.591000000000000000e+03,8.024000000000000021e-01,9.560907998763829019e-02
1.592000000000000000e+03,8.054000000000000048e-01,9.398837472858723174e-02
1.593000000000000000e+03,8.050000000000000488e-01,9.420411963213146112e-02
1.594000000000000000e+03,8.045999999999999819e-01,9.441997176475747100e-02
1.595000000000000000e+03,8.041000000000000369e-01,9.468993788391448507e-02
1.596000000000000000e+03,8.034999999999999920e-01,9.501411890063665711e-02
1.597000000000000000e+03,8.028999999999999471e-01,9.533854208447552214e-02
1.598000000000000000e+03,8.023000000000000131e-01,9.566320779750497882e-02
1.599000000000000000e+03,8.018999999999999462e-01,9.587978652380035882e-02
1.600000000000000000e+03,8.014000000000000012e-01,9.615066190331901519e-02
1.601000000000000000e+03,7.999000000000000554e-01,9.696430321150270593e-02
1.602000000000000000e+03,8.001000000000000334e-01,9.685572959046141739e-02
1.603000000000000000e+03,8.091000000000000414e-01,9.199779882744633930e-02
1.604000000000000000e+03,8.145999999999999908e-01,8.905559425002111673e-02
1.605000000000000000e+03,8.148999999999999577e-01,8.889568219596404031e-02
1.606000000000000000e+03,8.153000000000000247e-01,8.868255767596944228e-02
1.607000000000000000e+03,8.148999999999999577e-01,8.889568219596404031e-02
1.608000000000000000e+03,8.158999999999999586e-01,8.836306687055787978e-02
1.609000000000000000e+03,8.156999999999999806e-01,8.846953769283745495e-02
1.610000000000000000e+03,8.153000000000000247e-01,8.868255767596944228e-02
1.611000000000000000e+03,8.147999999999999687e-01,8.894897967187351262e-02
1.612000000000000000e+03,8.144000000000000128e-01,8.916223500731645935e-02
1.613000000000000000e+03,8.138999999999999568e-01,8.942895151874147297e-02
1.614000000000000000e+03,8.131000000000000449e-01,8.985603893548710364e-02
1.615000000000000000e+03,8.118999999999999551e-01,9.049745859458457886e-02
1.616000000000000000e+03,8.107999999999999652e-01,9.108625997902891624e-02
1.617000000000000000e+03,8.070000000000000506e-01,9.312646527792955986e-02
1.618000000000000000e+03,7.904999999999999805e-01,1.020981257317721547e-01
1.619000000000000000e+03,7.947999999999999510e-01,9.974214156222248329e-02
1.620000000000000000e+03,8.003000000000000114e-01,9.674718310604150939e-02
1.621000000000000000e+03,8.057999999999999607e-01,9.377273694764103051e-02
1.622000000000000000e+03,8.106999999999999762e-01,9.113982698272349303e-02
1.623000000000000000e+03,8.127999999999999670e-01,9.001630506015598221e-02
1.624000000000000000e+03,8.147999999999999687e-01,8.894897967187351262e-02
1.625000000000000000e+03,8.158999999999999586e-01,8.836306687055787978e-02
1.626000000000000000e+03,8.177999999999999714e-01,8.735289378168283048e-02
1.627000000000000000e+03,8.198999999999999622e-01,8.623911358767689939e-02
1.628000000000000000e+03,8.225000000000000089e-01,8.486409337798808683e-02
1.629000000000000000e+03,8.252000000000000446e-01,8.344078069888602456e-02
1.630000000000000000e+03,8.287999999999999812e-01,8.155025759884221292e-02
1.631000000000000000e+03,8.274000000000000243e-01,8.228448344050659502e-02
1.632000000000000000e+03,8.235000000000000098e-01,8.433639649422684792e-02
1.633000000000000000e+03,8.149999999999999467e-01,8.884239126002341225e-02
1.634000000000000000e+03,8.053000000000000158e-01,9.404230090757291494e-02
1.635000000000000000e+03,7.993000000000000105e-01,9.729018703012291824e-02
1.636000000000000000e+03,7.963999999999999968e-01,9.886874864462806556e-02
1.637000000000000000e+03,7.973999999999999977e-01,9.832376867362437045e-02
1.638000000000000000e+03,8.033000000000000140e-01,9.512223303659535223e-02
1.639000000000000000e+03,8.112000000000000322e-01,9.087205801073922062e-02
1.640000000000000000e+03,8.274000000000000243e-01,8.228448344050659502e-02
1.641000000000000000e+03,8.297999999999999821e-01,8.102656950704580086e-02
1.642000000000000000e+03,8.284000000000000252e-01,8.175990977858499376e-02
1.643000000000000000e+03,8.245999999999999996e-01,8.375666953466033571e-02
1.644000000000000000e+03,8.202000000000000401e-01,8.608023504853407060e-02
1.645000000000000000e+03,8.138999999999999568e-01,8.942895151874147297e-02
1.646000000000000000e+03,8.098999999999999533e-01,9.156860103399364070e-02
1.647000000000000000e+03,8.126999999999999780e-01,9.006974024716933591e-02
1.648000000000000000e+03,8.163000000000000256e-01,8.815020350057985177e-02
1.649000000000000000e+03,8.214000000000000190e-01,8.544530148236637035e-02
1.650000000000000000e+03,8.120000000000000551e-01,9.044397075882466830e-02
1.651000000000000000e+03,7.782000000000000028e-01,1.089087735322762790e-01
1.652000000000000000e+03,7.576000000000000512e-01,1.205600340047829622e-01
1.653000000000000000e+03,7.576000000000000512e-01,1.205600340047829622e-01
1.654000000000000000e+03,7.880000000000000338e-01,1.034737825104446590e-01
1.655000000000000000e+03,8.296000000000000041e-01,8.113125661901544883e-02
1.656000000000000000e+03,8.342000000000000526e-01,7.872981449018739974e-02
1.657000000000000000e+03,8.356000000000000094e-01,7.800156869172902852e-02
1.658000000000000000e+03,8.364000000000000323e-01,7.758597585436573241e-02
1.659000000000000000e+03,8.356999999999999984e-01,7.794959783282619237e-02
1.660000000000000000e+03,8.348999999999999755e-01,7.836553894629461059e-02
1.661000000000000000e+03,8.336999999999999966e-01,7.899019850296566669e-02
1.662000000000000000e+03,8.324000000000000288e-01,7.966792846041065301e-02
1.663000000000000000e+03,8.309999999999999609e-01,8.039897621588902588e-02
1.664000000000000000e+03,8.293000000000000371e-01,8.128833461767875912e-02
1.665000000000000000e+03,8.269999999999999574e-01,8.249449044745335580e-02
1.666000000000000000e+03,8.247999999999999776e-01,8.365134772453987344e-02
1.667000000000000000e+03,8.225000000000000089e-01,8.486409337798808683e-02
1.668000000000000000e+03,8.188999999999999613e-01,8.676912888643946442e-02
1.669000000000000000e+03,8.154000000000000137e-01,8.862929288386205140e-02
1.670000000000000000e+03,8.185999999999999943e-01,8.692825969074925718e-02
1.671000000000000000e+03,8.216999999999999860e-01,8.528671302637619300e-02
1.672000000000000000e+03,8.246999999999999886e-01,8.370400543686910833e-02
1.673000000000000000e+03,8.276999999999999913e-01,8.212704480115209926e-02
1.674000000000000000e+03,8.300999999999999490e-01,8.086958613938560747e-02
1.675000000000000000e+03,8.306000000000000050e-01,8.060807322614063630e-02
1.676000000000000000e+03,8.310999999999999499e-01,8.034671768963583260e-02
1.677000000000000000e+03,8.284000000000000252e-01,8.175990977858499376e-02
1.678000000000000000e+03,8.243000000000000327e-01,8.391470015629726165e-02
1.679000000000000000e+03,8.181000000000000494e-01,8.719360733870765157e-02
1.680000000000000000e+03,8.090000000000000524e-01,9.205147838772766156e-02
1.681000000000000000e+03,8.027999999999999581e-01,9.539263618455208482e-02
1.682000000000000000e+03,8.060000000000000497e-01,9.366495819490933128e-02
1.683000000000000000e+03,8.098999999999999533e-01,9.156860103399364070e-02
1.684000000000000000e+03,8.137999999999999678e-01,8.948231448273356869e-02
1.685000000000000000e+03,8.176999999999999824e-01,8.740600224789431272e-02
1.686000000000000000e+03,8.214000000000000190e-01,8.544530148236637035e-02
1.687000000000000000e+03,8.237999999999999767e-01,8.417821237960126934e-02
1.688000000000000000e+03,8.262000000000000455e-01,8.291480935943267017e-02
1.689000000000000000e+03,8.286999999999999922e-01,8.160266115629984107e-02
1.690000000000000000e+03,8.275000000000000133e-01,8.223199755224364083e-02
1.691000000000000000e+03,8.217999999999999750e-01,8.523386307414751450e-02
1.692000000000000000e+03,8.145000000000000018e-01,8.910891135547180375e-02
1.693000000000000000e+03,8.087999999999999634e-01,9.215885741705537315e-02
1.694000000000000000e+03,8.031000000000000361e-01,9.523037409340490145e-02
1.695000000000000000e+03,8.013000000000000123e-01,9.620485725896471552e-02
1.696000000000000000e+03,7.995999999999999774e-01,9.712721455392067660e-02
1.697000000000000000e+03,7.979000000000000536e-01,9.805153492691597028e-02
1.698000000000000000e+03,7.977999999999999536e-01,9.810596802617926881e-02
1.699000000000000000e+03,8.014000000000000012e-01,9.615066190331901519e-02
1.700000000000000000e+03,8.068999999999999506e-01,9.318028453345461593e-02
1.701000000000000000e+03,8.126999999999999780e-01,9.006974024716933591e-02
1.702000000000000000e+03,8.153000000000000247e-01,8.868255767596944228e-02
1.703000000000000000e+03,8.177999999999999714e-01,8.735289378168283048e-02
1.704000000000000000e+03,8.199999999999999512e-01,8.618614761628333454e-02
1.705000000000000000e+03,8.201000000000000512e-01,8.613318810376070778e-02
1.706000000000000000e+03,8.201000000000000512e-01,8.613318810376070778e-02
1.707000000000000000e+03,8.202000000000000401e-01,8.608023504853407060e-02
1.708000000000000000e+03,8.203000000000000291e-01,8.602728844902890470e-02
1.709000000000000000e+03,8.203000000000000291e-01,8.602728844902890470e-02
1.710000000000000000e+03,8.188999999999999613e-01,8.676912888643946442e-02
1.711000000000000000e+03,8.175000000000000044e-01,8.751223866767630921e-02
1.712000000000000000e+03,8.161000000000000476e-01,8.825662214406827799e-02
1.713000000000000000e+03,8.154000000000000137e-01,8.862929288386205140e-02
1.714000000000000000e+03,8.155999999999999917e-01,8.852278289389761690e-02
1.715000000000000000e+03,8.171000000000000485e-01,8.772478950118764440e-02
1.716000000000000000e+03,8.203000000000000291e-01,8.602728844902890470e-02
1.717000000000000000e+03,8.235000000000000098e-01,8.433639649422684792e-02
1.718000000000000000e+03,8.266999999999999904e-01,8.265206237222837149e-02
1.719000000000000000e+03,8.275000000000000133e-01,8.223199755224364083e-02
1.720000000000000000e+03,8.276000000000000023e-01,8.217951800630302062e-02
1.721000000000000000e+03,8.276999999999999913e-01,8.212704480115209926e-02
1.722000000000000000e+03,8.258999999999999675e-01,8.307253388700731878e-02
1.723000000000000000e+03,8.241000000000000547e-01,8.402008585977560617e-02
1.724000000000000000e+03,8.219999999999999529e-01,8.512818245994963062e-02
1.725000000000000000e+03,8.196999999999999842e-01,8.634506491338005130e-02
1.726000000000000000e+03,8.174000000000000155e-01,8.756536662442532259e-02
1.727000000000000000e+03,8.151000000000000467e-01,8.878910686244675943e-02
1.728000000000000000e+03,8.127999999999999670e-01,9.001630506015598221e-02
1.729000000000000000e+03,8.103000000000000203e-01,9.135416109288665987e-02
1.730000000000000000e+03,8.125999999999999890e-01,9.012318200960720005e-02
1.731000000000000000e+03,8.142000000000000348e-01,8.926890195661928151e-02
1.732000000000000000e+03,8.154000000000000137e-01,8.862929288386205140e-02
1.733000000000000000e+03,8.165999999999999925e-01,8.799062441302167581e-02
1.734000000000000000e+03,8.176999999999999824e-01,8.740600224789431272e-02
1.735000000000000000e+03,8.188999999999999613e-01,8.676912888643946442e-02
1.736000000000000000e+03,8.201000000000000512e-01,8.613318810376070778e-02
1.737000000000000000e+03,8.212000000000000410e-01,8.555105930144571436e-02
1.738000000000000000e+03,8.223000000000000309e-01,8.496970974083915829e-02
1.739000000000000000e+03,8.233000000000000318e-01,8.444188458847955159e-02
1.740000000000000000e+03,8.243000000000000327e-01,8.391470015629726165e-02
1.741000000000000000e+03,8.253000000000000336e-01,8.338815489065401487e-02
1.742000000000000000e+03,8.260999999999999455e-01,8.296737783760660401e-02
1.743000000000000000e+03,8.266999999999999904e-01,8.265206237222837149e-02
1.744000000000000000e+03,8.274000000000000243e-01,8.228448344050659502e-02
1.745000000000000000e+03,8.278999999999999693e-01,8.202211740709175469e-02
1.746000000000000000e+03,8.283000000000000362e-01,8.181233864107435860e-02
1.747000000000000000e+03,8.286999999999999922e-01,8.160266115629984107e-02
1.748000000000000000e+03,8.290999999999999481e-01,8.139308485501810242e-02
1.749000000000000000e+03,8.292000000000000481e-01,8.134070657817674133e-02
1.750000000000000000e+03,8.289999999999999591e-01,8.144546944972647085e-02
1.751000000000000000e+03,8.287999999999999812e-01,8.155025759884221292e-02
1.752000000000000000e+03,8.286000000000000032e-01,8.165507103772508268e-02
1.753000000000000000e+03,8.284000000000000252e-01,8.175990977858499376e-02
1.754000000000000000e+03,8.282000000000000473e-01,8.186477383364071381e-02
1.755000000000000000e+03,8.280999999999999472e-01,8.191721535781282260e-02
1.756000000000000000e+03,8.282000000000000473e-01,8.186477383364071381e-02
1.757000000000000000e+03,8.284000000000000252e-01,8.175990977858499376e-02
1.758000000000000000e+03,8.285000000000000142e-01,8.170748724464443891e-02
1.759000000000000000e+03,8.286999999999999922e-01,8.160266115629984107e-02
1.760000000000000000e+03,8.288999999999999702e-01,8.149786036382622445e-02
1.761000000000000000e+03,8.290999999999999481e-01,8.139308485501810242e-02
1.762000000000000000e+03,8.293000000000000371e-01,8.128833461767875912e-02
1.763000000000000000e+03,8.295000000000000151e-01,8.118360963962048538e-02
1.764000000000000000e+03,8.296999999999999931e-01,8.107890990866421788e-02
1.765000000000000000e+03,8.297999999999999821e-01,8.102656950704580086e-02
1.766000000000000000e+03,8.299999999999999600e-01,8.092190762392612036e-02
1.767000000000000000e+03,8.300999999999999490e-01,8.086958613938560747e-02
1.768000000000000000e+03,8.300999999999999490e-01,8.086958613938560747e-02
1.769000000000000000e+03,8.307999999999999829e-01,8.050351213693850150e-02
1.770000000000000000e+03,8.324000000000000288e-01,7.966792846041065301e-02
1.771000000000000000e+03,8.338999999999999746e-01,7.888602616331935602e-02
1.772000000000000000e+03,8.353000000000000425e-01,7.815751859414203639e-02
1.773000000000000000e+03,8.366999999999999993e-01,7.743023101428769817e-02
1.774000000000000000e+03,8.377000000000000002e-01,7.691148455760074554e-02
1.775000000000000000e+03,8.376000000000000112e-01,7.696333132921406861e-02
1.776000000000000000e+03,8.373000000000000442e-01,7.711890879170649193e-02
1.777000000000000000e+03,8.369999999999999662e-01,7.727454200674002682e-02
1.778000000000000000e+03,8.366999999999999993e-01,7.743023101428769817e-02
1.779000000000000000e+03,8.362000000000000544e-01,7.768983678560405226e-02
1.780000000000000000e+03,8.356999999999999984e-01,7.794959783282619237e-02
1.781000000000000000e+03,8.352000000000000535e-01,7.820951434181303008e-02
1.782000000000000000e+03,8.347999999999999865e-01,7.841755960658358671e-02
1.783000000000000000e+03,8.343000000000000416e-01,7.867775641617802407e-02
1.784000000000000000e+03,8.336999999999999966e-01,7.899019850296566669e-02
1.785000000000000000e+03,8.330999999999999517e-01,7.930286553007999395e-02
1.786000000000000000e+03,8.325000000000000178e-01,7.961575782164251325e-02
1.787000000000000000e+03,8.317999999999999838e-01,7.998108397108519285e-02
1.788000000000000000e+03,8.308999999999999719e-01,8.045124103115196268e-02
1.789000000000000000e+03,8.306999999999999940e-01,8.055578953476306980e-02
1.790000000000000000e+03,8.314000000000000279e-01,8.018997982980402561e-02
1.791000000000000000e+03,8.327999999999999847e-01,7.945928349752026665e-02
1.792000000000000000e+03,8.343000000000000416e-01,7.867775641617802407e-02
1.793000000000000000e+03,8.357999999999999874e-01,7.789763319239288719e-02
1.794000000000000000e+03,8.373000000000000442e-01,7.711890879170649193e-02
1.795000000000000000e+03,8.384000000000000341e-01,7.654873036034855194e-02
1.796000000000000000e+03,8.387999999999999901e-01,7.634157820669376648e-02
1.797000000000000000e+03,8.391999999999999460e-01,7.613452481449858866e-02
1.798000000000000000e+03,8.394000000000000350e-01,7.603103512452871748e-02
1.799000000000000000e+03,8.394000000000000350e-01,7.603103512452871748e-02
1.800000000000000000e+03,8.394000000000000350e-01,7.603103512452871748e-02
1.801000000000000000e+03,8.394000000000000350e-01,7.603103512452871748e-02
1.802000000000000000e+03,8.390999999999999570e-01,7.618627890881034259e-02
1.803000000000000000e+03,8.387000000000000011e-01,7.639335698254087759e-02
1.804000000000000000e+03,8.383000000000000451e-01,7.660053384128349963e-02
1.805000000000000000e+03,8.378999999999999782e-01,7.680780957933251718e-02
1.806000000000000000e+03,8.374000000000000332e-01,7.706704344478831903e-02
1.807000000000000000e+03,8.369999999999999662e-01,7.727454200674002682e-02
1.808000000000000000e+03,8.366000000000000103e-01,7.748213975538854881e-02
1.809000000000000000e+03,8.363000000000000433e-01,7.763790321520995519e-02
1.810000000000000000e+03,8.359999999999999654e-01,7.779372256098363025e-02
1.811000000000000000e+03,8.356999999999999984e-01,7.794959783282619237e-02
1.812000000000000000e+03,8.354000000000000314e-01,7.810552907089766961e-02
1.813000000000000000e+03,8.350999999999999535e-01,7.826151631540131937e-02
1.814000000000000000e+03,8.347999999999999865e-01,7.841755960658358671e-02
1.815000000000000000e+03,8.346000000000000085e-01,7.852161962430995179e-02
1.816000000000000000e+03,8.344000000000000306e-01,7.862570458152552677e-02
1.817000000000000000e+03,8.342000000000000526e-01,7.872981449018739974e-02
1.818000000000000000e+03,8.339999999999999636e-01,7.883394936226130467e-02
1.819000000000000000e+03,8.339999999999999636e-01,7.883394936226130467e-02
1.820000000000000000e+03,8.340999999999999526e-01,7.878187880504969320e-02
1.821000000000000000e+03,8.342000000000000526e-01,7.872981449018739974e-02
1.822000000000000000e+03,8.343000000000000416e-01,7.867775641617802407e-02
1.823000000000000000e+03,8.345000000000000195e-01,7.857365898473447907e-02
1.824000000000000000e+03,8.347999999999999865e-01,7.841755960658358671e-02
1.825000000000000000e+03,8.350999999999999535e-01,7.826151631540131937e-02
1.826000000000000000e+03,8.357999999999999874e-01,7.789763319239288719e-02
1.827000000000000000e+03,8.364000000000000323e-01,7.758597585436573241e-02
1.828000000000000000e+03,8.369999999999999662e-01,7.727454200674002682e-02
1.829000000000000000e+03,8.376000000000000112e-01,7.696333132921406861e-02
1.830000000000000000e+03,8.381999999999999451e-01,7.665234350217449422e-02
1.831000000000000000e+03,8.376000000000000112e-01,7.696333132921406861e-02
1.832000000000000000e+03,8.367999999999999883e-01,7.737832847680098380e-02
1.833000000000000000e+03,8.360999999999999543e-01,7.774177656703339101e-02
1.834000000000000000e+03,8.354000000000000314e-01,7.810552907089766961e-02
1.835000000000000000e+03,8.346999999999999975e-01,7.846958649875759861e-02
1.836000000000000000e+03,8.338999999999999746e-01,7.888602616331935602e-02
1.837000000000000000e+03,8.322000000000000508e-01,7.977228854307147343e-02
1.838000000000000000e+03,8.305000000000000160e-01,8.066036321258671093e-02
1.839000000000000000e+03,8.303000000000000380e-01,8.076496207674917216e-02
1.840000000000000000e+03,8.313000000000000389e-01,8.024221949810581012e-02
1.841000000000000000e+03,8.325000000000000178e-01,7.961575782164251325e-02
1.842000000000000000e+03,8.340999999999999526e-01,7.878187880504969320e-02
1.843000000000000000e+03,8.349999999999999645e-01,7.831352451639793377e-02
1.844000000000000000e+03,8.357999999999999874e-01,7.789763319239288719e-02
1.845000000000000000e+03,8.366000000000000103e-01,7.748213975538854881e-02
1.846000000000000000e+03,8.374000000000000332e-01,7.706704344478831903e-02
1.847000000000000000e+03,8.379999999999999671e-01,7.675598136972351659e-02
1.848000000000000000e+03,8.385000000000000231e-01,7.649693305789545539e-02
1.849000000000000000e+03,8.389999999999999680e-01,7.623803917129974572e-02
1.850000000000000000e+03,8.395000000000000240e-01,7.597929952593240888e-02
1.851000000000000000e+03,8.399999999999999689e-01,7.572071393811835582e-02
1.852000000000000000e+03,8.404000000000000359e-01,7.551395626608500833e-02
1.853000000000000000e+03,8.408999999999999808e-01,7.525564752005145519e-02
1.854000000000000000e+03,8.409999999999999698e-01,7.520400420208783743e-02
1.855000000000000000e+03,8.410999999999999588e-01,7.515236702446287387e-02
1.856000000000000000e+03,8.411999999999999478e-01,7.510073598571653797e-02
1.857000000000000000e+03,8.413000000000000478e-01,7.504911108438934442e-02
1.858000000000000000e+03,8.413000000000000478e-01,7.504911108438934442e-02
1.859000000000000000e+03,8.408999999999999808e-01,7.525564752005145519e-02
1.860000000000000000e+03,8.404000000000000359e-01,7.551395626608500833e-02
1.861000000000000000e+03,8.399999999999999689e-01,7.572071393811835582e-02
1.862000000000000000e+03,8.395000000000000240e-01,7.597929952593240888e-02
1.863000000000000000e+03,8.390999999999999570e-01,7.618627890881034259e-02
1.864000000000000000e+03,8.387000000000000011e-01,7.639335698254087759e-02
1.865000000000000000e+03,8.383000000000000451e-01,7.660053384128349963e-02
1.866000000000000000e+03,8.384000000000000341e-01,7.654873036034855194e-02
1.867000000000000000e+03,8.386000000000000121e-01,7.644514193245058320e-02
1.868000000000000000e+03,8.394000000000000350e-01,7.603103512452871748e-02
1.869000000000000000e+03,8.407999999999999918e-01,7.530729697981419779e-02
1.870000000000000000e+03,8.420999999999999597e-01,7.463633264589844551e-02
1.871000000000000000e+03,8.434000000000000385e-01,7.396640332115532457e-02
1.872000000000000000e+03,8.447000000000000064e-01,7.329750581735504367e-02
1.873000000000000000e+03,8.459999999999999742e-01,7.262963696097647637e-02
1.874000000000000000e+03,8.467000000000000082e-01,7.227044022834548664e-02
1.875000000000000000e+03,8.474000000000000421e-01,7.191154033502915321e-02
1.876000000000000000e+03,8.478999999999999870e-01,7.165536473513789417e-02
1.877000000000000000e+03,8.477000000000000091e-01,7.175781684269091909e-02
1.878000000000000000e+03,8.475000000000000311e-01,7.186029312488020904e-02
1.879000000000000000e+03,8.471999999999999531e-01,7.201405290057143194e-02
1.880000000000000000e+03,8.467999999999999972e-01,7.221915065262561606e-02
1.881000000000000000e+03,8.464000000000000412e-01,7.242434530888944288e-02
1.882000000000000000e+03,8.459999999999999742e-01,7.262963696097647637e-02
1.883000000000000000e+03,8.455000000000000293e-01,7.288638806623942701e-02
1.884000000000000000e+03,8.450999999999999623e-01,7.309189829456422260e-02
1.885000000000000000e+03,8.446000000000000174e-01,7.334892291111110019e-02
1.886000000000000000e+03,8.441999999999999504e-01,7.355465218161069685e-02
1.887000000000000000e+03,8.437000000000000055e-01,7.381195089279399268e-02
1.888000000000000000e+03,8.433000000000000496e-01,7.401789967289683358e-02
1.889000000000000000e+03,8.427999999999999936e-01,7.427547306393741944e-02
1.890000000000000000e+03,8.423000000000000487e-01,7.453319930846211139e-02
1.891000000000000000e+03,8.417999999999999927e-01,7.479107858799645403e-02
1.892000000000000000e+03,8.413000000000000478e-01,7.504911108438934442e-02
1.893000000000000000e+03,8.409999999999999698e-01,7.520400420208783743e-02
1.894000000000000000e+03,8.408999999999999808e-01,7.525564752005145519e-02
1.895000000000000000e+03,8.407999999999999918e-01,7.530729697981419779e-02
1.896000000000000000e+03,8.407999999999999918e-01,7.530729697981419779e-02
1.897000000000000000e+03,8.407000000000000028e-01,7.535895258283711873e-02
1.898000000000000000e+03,8.407000000000000028e-01,7.535895258283711873e-02
1.899000000000000000e+03,8.406000000000000139e-01,7.541061433058175723e-02
1.900000000000000000e+03,8.411999999999999478e-01,7.510073598571653797e-02
1.901000000000000000e+03,8.417999999999999927e-01,7.479107858799645403e-02
1.902000000000000000e+03,8.424000000000000377e-01,7.448164182256987453e-02
1.903000000000000000e+03,8.429999999999999716e-01,7.417242537525768620e-02
1.904000000000000000e+03,8.436000000000000165e-01,7.386342893255121167e-02
1.905000000000000000e+03,8.441999999999999504e-01,7.355465218161069685e-02
1.906000000000000000e+03,8.447999999999999954e-01,7.324609481026296554e-02
1.907000000000000000e+03,8.454000000000000403e-01,7.293775650699992064e-02
1.908000000000000000e+03,8.457000000000000073e-01,7.278366940873523538e-02
1.909000000000000000e+03,8.458999999999999853e-01,7.268097504034393141e-02
1.910000000000000000e+03,8.459999999999999742e-01,7.262963696097647637e-02
1.911000000000000000e+03,8.454000000000000403e-01,7.293775650699992064e-02
1.912000000000000000e+03,8.447999999999999954e-01,7.324609481026296554e-02
1.913000000000000000e+03,8.443000000000000504e-01,7.350321072677960810e-02
1.914000000000000000e+03,8.437000000000000055e-01,7.381195089279399268e-02
1.915000000000000000e+03,8.430999999999999606e-01,7.412091069849920111e-02
1.916000000000000000e+03,8.426000000000000156e-01,7.437854520917101808e-02
1.917000000000000000e+03,8.428999999999999826e-01,7.422394616325371508e-02
1.918000000000000000e+03,8.431999999999999496e-01,7.406940213152864161e-02
1.919000000000000000e+03,8.435000000000000275e-01,7.391491307485596740e-02
1.920000000000000000e+03,8.437999999999999945e-01,7.376047895413781474e-02
1.921000000000000000e+03,8.443000000000000504e-01,7.350321072677960810e-02
1.922000000000000000e+03,8.457000000000000073e-01,7.278366940873523538e-02
1.923000000000000000e+03,8.470999999999999641e-01,7.206531825882056541e-02
1.924000000000000000e+03,8.473000000000000531e-01,7.196279359311698320e-02
1.925000000000000000e+03,8.473000000000000531e-01,7.196279359311698320e-02
1.926000000000000000e+03,8.474000000000000421e-01,7.191154033502915321e-02
1.927000000000000000e+03,8.475000000000000311e-01,7.186029312488020904e-02
1.928000000000000000e+03,8.475000000000000311e-01,7.186029312488020904e-02
1.929000000000000000e+03,8.475000000000000311e-01,7.186029312488020904e-02
1.930000000000000000e+03,8.473000000000000531e-01,7.196279359311698320e-02
1.931000000000000000e+03,8.469999999999999751e-01,7.211658966929310188e-02
1.932000000000000000e+03,8.467000000000000082e-01,7.227044022834548664e-02
1.933000000000000000e+03,8.465000000000000302e-01,7.237303755504594094e-02
1.934000000000000000e+03,8.461999999999999522e-01,7.252697900472417081e-02
1.935000000000000000e+03,8.459999999999999742e-01,7.262963696097647637e-02
1.936000000000000000e+03,8.457000000000000073e-01,7.278366940873523538e-02
1.937000000000000000e+03,8.455000000000000293e-01,7.288638806623942701e-02
1.938000000000000000e+03,8.451999999999999513e-01,7.304051161972426043e-02
1.939000000000000000e+03,8.448999999999999844e-01,7.319468988839396284e-02
1.940000000000000000e+03,8.446000000000000174e-01,7.334892291111110019e-02
1.941000000000000000e+03,8.443000000000000504e-01,7.350321072677960810e-02
1.942000000000000000e+03,8.439999999999999725e-01,7.365755337434495842e-02
1.943000000000000000e+03,8.437000000000000055e-01,7.381195089279399268e-02
1.944000000000000000e+03,8.434000000000000385e-01,7.396640332115532457e-02
1.945000000000000000e+03,8.429999999999999716e-01,7.417242537525768620e-02
1.946000000000000000e+03,8.425000000000000266e-01,7.443009045662375700e-02
1.947000000000000000e+03,8.420999999999999597e-01,7.463633264589844551e-02
1.948000000000000000e+03,8.416000000000000147e-01,7.489427319033614694e-02
1.949000000000000000e+03,8.411999999999999478e-01,7.510073598571653797e-02
1.950000000000000000e+03,8.407999999999999918e-01,7.530729697981419779e-02
1.951000000000000000e+03,8.401999999999999469e-01,7.561732279802685364e-02
1.952000000000000000e+03,8.396000000000000130e-01,7.592757008963715859e-02
1.953000000000000000e+03,8.389999999999999680e-01,7.623803917129974572e-02
1.954000000000000000e+03,8.383000000000000451e-01,7.660053384128349963e-02
1.955000000000000000e+03,8.377000000000000002e-01,7.691148455760074554e-02
1.956000000000000000e+03,8.370999999999999552e-01,7.722265807120215486e-02
1.957000000000000000e+03,8.374000000000000332e-01,7.706704344478831903e-02
1.958000000000000000e+03,8.387999999999999901e-01,7.634157820669376648e-02
1.959000000000000000e+03,8.423000000000000487e-01,7.453319930846211139e-02
1.960000000000000000e+03,8.454000000000000403e-01,7.293775650699992064e-02
1.961000000000000000e+03,8.473000000000000531e-01,7.196279359311698320e-02
1.962000000000000000e+03,8.475000000000000311e-01,7.186029312488020904e-02
1.963000000000000000e+03,8.477000000000000091e-01,7.175781684269091909e-02
1.964000000000000000e+03,8.479999999999999760e-01,7.160414774328618948e-02
1.965000000000000000e+03,8.480999999999999650e-01,7.155293679081800584e-02
1.966000000000000000e+03,8.483000000000000540e-01,7.145053299833613314e-02
1.967000000000000000e+03,8.484000000000000430e-01,7.139934015547574897e-02
1.968000000000000000e+03,8.486000000000000210e-01,7.129697256940291383e-02
1.969000000000000000e+03,8.487000000000000099e-01,7.124579782334675149e-02
1.970000000000000000e+03,8.488999999999999879e-01,7.114346641808931559e-02
1.971000000000000000e+03,8.490999999999999659e-01,7.104115911917020798e-02
1.972000000000000000e+03,8.493000000000000549e-01,7.093887591523453939e-02
1.973000000000000000e+03,8.495000000000000329e-01,7.083661679493556684e-02
1.974000000000000000e+03,8.490999999999999659e-01,7.104115911917020798e-02
1.975000000000000000e+03,8.483000000000000540e-01,7.145053299833613314e-02
1.976000000000000000e+03,8.475000000000000311e-01,7.186029312488020904e-02
1.977000000000000000e+03,8.467000000000000082e-01,7.227044022834548664e-02
1.978000000000000000e+03,8.458999999999999853e-01,7.268097504034393141e-02
1.979000000000000000e+03,8.450999999999999623e-01,7.309189829456422260e-02
1.980000000000000000e+03,8.445000000000000284e-01,7.340034609297250989e-02
1.981000000000000000e+03,8.438999999999999835e-01,7.370901311513662624e-02
1.982000000000000000e+03,8.433000000000000496e-01,7.401789967289683358e-02
1.983000000000000000e+03,8.427000000000000046e-01,7.432700607875947219e-02
1.984000000000000000e+03,8.421999999999999487e-01,7.458476291575376338e-02
1.985000000000000000e+03,8.418999999999999817e-01,7.473949048056474642e-02
1.986000000000000000e+03,8.419999999999999707e-01,7.468790850035050832e-02
1.987000000000000000e+03,8.420999999999999597e-01,7.463633264589844551e-02
1.988000000000000000e+03,8.423000000000000487e-01,7.453319930846211139e-02
1.989000000000000000e+03,8.424000000000000377e-01,7.448164182256987453e-02
1.990000000000000000e+03,8.425000000000000266e-01,7.443009045662375700e-02
1.991000000000000000e+03,8.427999999999999936e-01,7.427547306393741944e-02
1.992000000000000000e+03,8.430999999999999606e-01,7.412091069849920111e-02
1.993000000000000000e+03,8.434000000000000385e-01,7.396640332115532457e-02
1.994000000000000000e+03,8.437000000000000055e-01,7.381195089279399268e-02
1.995000000000000000e+03,8.441999999999999504e-01,7.355465218161069685e-02
1.996000000000000000e+03,8.447000000000000064e-01,7.329750581735504367e-02
1.997000000000000000e+03,8.451999999999999513e-01,7.304051161972426043e-02
1.998000000000000000e+03,8.457000000000000073e-01,7.278366940873523538e-02
1.999000000000000000e+03,8.461999999999999522e-01,7.252697900472417081e-02
2.000000000000000000e+03,8.467000000000000082e-01,7.227044022834548664e-02
2.001000000000000000e+03,8.473000000000000531e-01,7.196279359311698320e-02
2.002000000000000000e+03,8.479999999999999760e-01,7.160414774328618948e-02
2.003000000000000000e+03,8.483000000000000540e-01,7.145053299833613314e-02
2.004000000000000000e+03,8.486000000000000210e-01,7.129697256940291383e-02
2.005000000000000000e+03,8.488999999999999879e-01,7.114346641808931559e-02
2.006000000000000000e+03,8.491999999999999549e-01,7.099001450603882601e-02
2.007000000000000000e+03,8.494000000000000439e-01,7.088774334533932964e-02
2.008000000000000000e+03,8.497000000000000108e-01,7.073438174693445768e-02
2.009000000000000000e+03,8.497999999999999998e-01,7.068327324650439114e-02
2.010000000000000000e+03,8.499999999999999778e-01,7.058107428570728481e-02
2.011000000000000000e+03,8.500999999999999668e-01,7.052998382251052245e-02
2.012000000000000000e+03,8.502999999999999448e-01,7.042782092345008238e-02
2.013000000000000000e+03,8.505000000000000338e-01,7.032568205141216666e-02
2.014000000000000000e+03,8.507000000000000117e-01,7.022356719509802170e-02
2.015000000000000000e+03,8.508000000000000007e-01,7.017251876930863386e-02
2.016000000000000000e+03,8.509999999999999787e-01,7.007043991541213324e-02
2.017000000000000000e+03,8.510999999999999677e-01,7.001940948448528990e-02
2.018000000000000000e+03,8.512999999999999456e-01,6.991736660762880307e-02
2.019000000000000000e+03,8.514000000000000457e-01,6.986635415888234335e-02
2.020000000000000000e+03,8.516000000000000236e-01,6.976434723371503777e-02
2.021000000000000000e+03,8.517000000000000126e-01,6.971335275448034552e-02
2.022000000000000000e+03,8.518999999999999906e-01,6.961138175567818664e-02
2.023000000000000000e+03,8.520999999999999686e-01,6.950943469373041528e-02
2.024000000000000000e+03,8.522999999999999465e-01,6.940751155740172706e-02
2.025000000000000000e+03,8.518000000000000016e-01,6.966236426226994627e-02
2.026000000000000000e+03,8.514000000000000457e-01,6.986635415888234335e-02
2.027000000000000000e+03,8.508000000000000007e-01,7.017251876930863386e-02
2.028000000000000000e+03,8.502999999999999448e-01,7.042782092345008238e-02
2.029000000000000000e+03,8.497999999999999998e-01,7.068327324650439114e-02
2.030000000000000000e+03,8.493000000000000549e-01,7.093887591523453939e-02
2.031000000000000000e+03,8.487999999999999989e-01,7.119462910671574274e-02
2.032000000000000000e+03,8.484000000000000430e-01,7.139934015547574897e-02
2.033000000000000000e+03,8.478999999999999870e-01,7.165536473513789417e-02
2.034000000000000000e+03,8.474000000000000421e-01,7.191154033502915321e-02
2.035000000000000000e+03,8.468999999999999861e-01,7.216786713341821757e-02
2.036000000000000000e+03,8.465000000000000302e-01,7.237303755504594094e-02
2.037000000000000000e+03,8.459999999999999742e-01,7.262963696097647637e-02
2.038000000000000000e+03,8.456000000000000183e-01,7.283502570063013493e-02
2.039000000000000000e+03,8.454000000000000403e-01,7.293775650699992064e-02
2.040000000000000000e+03,8.451999999999999513e-01,7.304051161972426043e-02
2.041000000000000000e+03,8.450999999999999623e-01,7.309189829456422260e-02
2.042000000000000000e+03,8.449999999999999734e-01,7.314329105030767386e-02
2.043000000000000000e+03,8.447999999999999954e-01,7.324609481026296554e-02
2.044000000000000000e+03,8.447000000000000064e-01,7.329750581735504367e-02
2.045000000000000000e+03,8.446000000000000174e-01,7.334892291111110019e-02
2.046000000000000000e+03,8.445000000000000284e-01,7.340034609297250989e-02
2.047000000000000000e+03,8.446000000000000174e-01,7.334892291111110019e-02
2.048000000000000000e+03,8.447999999999999954e-01,7.324609481026296554e-02
2.049000000000000000e+03,8.448999999999999844e-01,7.319468988839396284e-02
2.050000000000000000e+03,8.450999999999999623e-01,7.309189829456422260e-02
2.051000000000000000e+03,8.451999999999999513e-01,7.304051161972426043e-02
2.052000000000000000e+03,8.453000000000000513e-01,7.298913102434891054e-02
2.053000000000000000e+03,8.454000000000000403e-01,7.293775650699992064e-02
2.054000000000000000e+03,8.456000000000000183e-01,7.283502570063013493e-02
2.055000000000000000e+03,8.457000000000000073e-01,7.278366940873523538e-02
2.056000000000000000e+03,8.458999999999999853e-01,7.268097504034393141e-02
2.057000000000000000e+03,8.460999999999999632e-01,7.257830494958131262e-02
2.058000000000000000e+03,8.463000000000000522e-01,7.247565912497125340e-02
2.059000000000000000e+03,8.465000000000000302e-01,7.237303755504594094e-02
2.060000000000000000e+03,8.467000000000000082e-01,7.227044022834548664e-02
2.061000000000000000e+03,8.468999999999999861e-01,7.216786713341821757e-02
2.062000000000000000e+03,8.470999999999999641e-01,7.206531825882056541e-02
2.063000000000000000e+03,8.473000000000000531e-01,7.196279359311698320e-02
2.064000000000000000e+03,8.475000000000000311e-01,7.186029312488020904e-02
2.065000000000000000e+03,8.477000000000000091e-01,7.175781684269091909e-02
2.066000000000000000e+03,8.478999999999999870e-01,7.165536473513789417e-02
2.067000000000000000e+03,8.479999999999999760e-01,7.160414774328618948e-02
2.068000000000000000e+03,8.480999999999999650e-01,7.155293679081800584e-02
2.069000000000000000e+03,8.480999999999999650e-01,7.155293679081800584e-02
2.070000000000000000e+03,8.480999999999999650e-01,7.155293679081800584e-02
2.071000000000000000e+03,8.480999999999999650e-01,7.155293679081800584e-02
2.072000000000000000e+03,8.481999999999999540e-01,7.150173187630921856e-02
2.073000000000000000e+03,8.481999999999999540e-01,7.150173187630921856e-02
2.074000000000000000e+03,8.481999999999999540e-01,7.150173187630921856e-02
2.075000000000000000e+03,8.481999999999999540e-01,7.150173187630921856e-02
2.076000000000000000e+03,8.483000000000000540e-01,7.145053299833613314e-02
2.077000000000000000e+03,8.483000000000000540e-01,7.145053299833613314e-02
2.078000000000000000e+03,8.483000000000000540e-01,7.145053299833613314e-02
2.079000000000000000e+03,8.483000000000000540e-01,7.145053299833613314e-02
2.080000000000000000e+03,8.484000000000000430e-01,7.139934015547574897e-02
2.081000000000000000e+03,8.484000000000000430e-01,7.139934015547574897e-02
2.082000000000000000e+03,8.504000000000000448e-01,7.037674848475963807e-02
2.083000000000000000e+03,8.486000000000000210e-01,7.129697256940291383e-02
2.084000000000000000e+03,8.487999999999999989e-01,7.119462910671574274e-02
2.085000000000000000e+03,8.488999999999999879e-01,7.114346641808931559e-02
2.086000000000000000e+03,8.489999999999999769e-01,7.109230975604734215e-02
2.087000000000000000e+03,8.490999999999999659e-01,7.104115911917020798e-02
2.088000000000000000e+03,8.491999999999999549e-01,7.099001450603882601e-02
2.089000000000000000e+03,8.493000000000000549e-01,7.093887591523453939e-02
2.090000000000000000e+03,8.494000000000000439e-01,7.088774334533932964e-02
2.091000000000000000e+03,8.495000000000000329e-01,7.083661679493556684e-02
2.092000000000000000e+03,8.496000000000000218e-01,7.078549626260614847e-02
2.093000000000000000e+03,8.497000000000000108e-01,7.073438174693445768e-02
2.094000000000000000e+03,8.498999999999999888e-01,7.063217075990037286e-02
2.095000000000000000e+03,8.499999999999999778e-01,7.058107428570728481e-02
2.096000000000000000e+03,8.500999999999999668e-01,7.052998382251052245e-02
2.097000000000000000e+03,8.501999999999999558e-01,7.047889936889598084e-02
2.098000000000000000e+03,8.502999999999999448e-01,7.042782092345008238e-02
2.099000000000000000e+03,8.504000000000000448e-01,7.037674848475963807e-02
2.100000000000000000e+03,8.505000000000000338e-01,7.032568205141216666e-02
2.101000000000000000e+03,8.506000000000000227e-01,7.027462162199549223e-02
2.102000000000000000e+03,8.507000000000000117e-01,7.022356719509802170e-02
2.103000000000000000e+03,8.508000000000000007e-01,7.017251876930863386e-02
2.104000000000000000e+03,8.509999999999999787e-01,7.007043991541213324e-02
2.105000000000000000e+03,8.510999999999999677e-01,7.001940948448528990e-02
2.106000000000000000e+03,8.511999999999999567e-01,6.996838504902705425e-02
2.107000000000000000e+03,8.512999999999999456e-01,6.991736660762880307e-02
2.108000000000000000e+03,8.514000000000000457e-01,6.986635415888234335e-02
2.109000000000000000e+03,8.515000000000000346e-01,6.981534770138014823e-02
2.110000000000000000e+03,8.517000000000000126e-01,6.971335275448034552e-02
2.111000000000000000e+03,8.518000000000000016e-01,6.966236426226994627e-02
2.112000000000000000e+03,8.518999999999999906e-01,6.961138175567818664e-02
2.113000000000000000e+03,8.519999999999999796e-01,6.956040523329989900e-02
2.114000000000000000e+03,8.520999999999999686e-01,6.950943469373041528e-02
2.115000000000000000e+03,8.521999999999999575e-01,6.945847013556559479e-02
2.116000000000000000e+03,8.524000000000000465e-01,6.935655895783561509e-02
2.117000000000000000e+03,8.525000000000000355e-01,6.930561233546465860e-02
2.118000000000000000e+03,8.526000000000000245e-01,6.925467168888660430e-02
2.119000000000000000e+03,8.527000000000000135e-01,6.920373701669978173e-02
2.120000000000000000e+03,8.528999999999999915e-01,6.910188558989542595e-02
2.121000000000000000e+03,8.529999999999999805e-01,6.905096883247698047e-02
2.122000000000000000e+03,8.530999999999999694e-01,6.900005804384787278e-02
2.123000000000000000e+03,8.532999999999999474e-01,6.889825436736127240e-02
2.124000000000000000e+03,8.535000000000000364e-01,6.879647454924756045e-02
2.125000000000000000e+03,8.537000000000000144e-01,6.869471857832676331e-02
2.126000000000000000e+03,8.539999999999999813e-01,6.854212931099494532e-02
2.127000000000000000e+03,8.541999999999999593e-01,6.844043290919477052e-02
2.128000000000000000e+03,8.544000000000000483e-01,6.833876031551877617e-02
2.129000000000000000e+03,8.546000000000000263e-01,6.823711151882226600e-02
2.130000000000000000e+03,8.548000000000000043e-01,6.813548650796819039e-02
2.131000000000000000e+03,8.549999999999999822e-01,6.803388527182736845e-02
2.132000000000000000e+03,8.552999999999999492e-01,6.788152797087759760e-02
2.133000000000000000e+03,8.555000000000000382e-01,6.777998612288090030e-02
2.134000000000000000e+03,8.557000000000000162e-01,6.767846801070681595e-02
2.135000000000000000e+03,8.558999999999999941e-01,6.757697362326119117e-02
2.136000000000000000e+03,8.560999999999999721e-01,6.747550294945771354e-02
2.137000000000000000e+03,8.562999999999999501e-01,6.737405597821782832e-02
2.138000000000000000e+03,8.566000000000000281e-01,6.722192993944943462e-02
2.139000000000000000e+03,8.568000000000000060e-01,6.712054217620078145e-02
2.140000000000000000e+03,8.569999999999999840e-01,6.701917807680184136e-02
2.141000000000000000e+03,8.571999999999999620e-01,6.691783763020896225e-02
2.142000000000000000e+03,8.574000000000000510e-01,6.681652082538611093e-02
2.143000000000000000e+03,8.575000000000000400e-01,6.676587128519187453e-02
2.144000000000000000e+03,8.576000000000000290e-01,6.671522765130517840e-02
2.145000000000000000e+03,8.577000000000000179e-01,6.666458992234870762e-02
2.146000000000000000e+03,8.578999999999999959e-01,6.656333217371951383e-02
2.147000000000000000e+03,8.579999999999999849e-01,6.651271215129456182e-02
2.148000000000000000e+03,8.580999999999999739e-01,6.646209802829534941e-02
2.149000000000000000e+03,8.572999999999999510e-01,6.686717627326574376e-02
2.150000000000000000e+03,8.566000000000000281e-01,6.722192993944943462e-02
2.151000000000000000e+03,8.557000000000000162e-01,6.767846801070681595e-02
2.152000000000000000e+03,8.548000000000000043e-01,6.813548650796819039e-02
2.153000000000000000e+03,8.541999999999999593e-01,6.844043290919477052e-02
2.154000000000000000e+03,8.537000000000000144e-01,6.869471857832676331e-02
2.155000000000000000e+03,8.531999999999999584e-01,6.894915322260888879e-02
2.156000000000000000e+03,8.527000000000000135e-01,6.920373701669978173e-02
2.157000000000000000e+03,8.521999999999999575e-01,6.945847013556559479e-02
2.158000000000000000e+03,8.517000000000000126e-01,6.971335275448034552e-02
2.159000000000000000e+03,8.515000000000000346e-01,6.981534770138014823e-02
2.160000000000000000e+03,8.514000000000000457e-01,6.986635415888234335e-02
2.161000000000000000e+03,8.512999999999999456e-01,6.991736660762880307e-02
2.162000000000000000e+03,8.511999999999999567e-01,6.996838504902705425e-02
2.163000000000000000e+03,8.511999999999999567e-01,6.996838504902705425e-02
2.164000000000000000e+03,8.512999999999999456e-01,6.991736660762880307e-02
2.165000000000000000e+03,8.514000000000000457e-01,6.986635415888234335e-02
2.166000000000000000e+03,8.515000000000000346e-01,6.981534770138014823e-02
2.167000000000000000e+03,8.516000000000000236e-01,6.976434723371503777e-02
2.168000000000000000e+03,8.517000000000000126e-01,6.971335275448034552e-02
2.169000000000000000e+03,8.518000000000000016e-01,6.966236426226994627e-02
2.170000000000000000e+03,8.519999999999999796e-01,6.956040523329989900e-02
2.171000000000000000e+03,8.520999999999999686e-01,6.950943469373041528e-02
2.172000000000000000e+03,8.521999999999999575e-01,6.945847013556559479e-02
2.173000000000000000e+03,8.522999999999999465e-01,6.940751155740172706e-02
2.174000000000000000e+03,8.525000000000000355e-01,6.930561233546465860e-02
2.175000000000000000e+03,8.526000000000000245e-01,6.925467168888660430e-02
2.176000000000000000e+03,8.527000000000000135e-01,6.920373701669978173e-02
2.177000000000000000e+03,8.528000000000000025e-01,6.915280831750295065e-02
2.178000000000000000e+03,8.529999999999999805e-01,6.905096883247698047e-02
2.179000000000000000e+03,8.531999999999999584e-01,6.894915322260888879e-02
2.180000000000000000e+03,8.535000000000000364e-01,6.879647454924756045e-02
2.181000000000000000e+03,8.538000000000000034e-01,6.864384953207203210e-02
2.182000000000000000e+03,8.540999999999999703e-01,6.849127813338247439e-02
2.183000000000000000e+03,8.544000000000000483e-01,6.833876031551877617e-02
2.184000000000000000e+03,8.548000000000000043e-01,6.813548650796819039e-02
2.185000000000000000e+03,8.550999999999999712e-01,6.798309356579869400e-02
2.186000000000000000e+03,8.554000000000000492e-01,6.783075407920771682e-02
2.187000000000000000e+03,8.557000000000000162e-01,6.767846801070681595e-02
2.188000000000000000e+03,8.559999999999999831e-01,6.752623532284678098e-02
2.189000000000000000e+03,8.562999999999999501e-01,6.737405597821782832e-02
2.190000000000000000e+03,8.566000000000000281e-01,6.722192993944943462e-02
2.191000000000000000e+03,8.567000000000000171e-01,6.717123309915336293e-02
2.192000000000000000e+03,8.568999999999999950e-01,6.706985716921050333e-02
2.193000000000000000e+03,8.570999999999999730e-01,6.696850489759456626e-02
2.194000000000000000e+03,8.572999999999999510e-01,6.686717627326574376e-02
2.195000000000000000e+03,8.574000000000000510e-01,6.681652082538611093e-02
2.196000000000000000e+03,8.576000000000000290e-01,6.671522765130517840e-02
2.197000000000000000e+03,8.572999999999999510e-01,6.686717627326574376e-02
2.198000000000000000e+03,8.570999999999999730e-01,6.696850489759456626e-02
2.199000000000000000e+03,8.566000000000000281e-01,6.722192993944943462e-02
2.200000000000000000e+03,8.561999999999999611e-01,6.742477650170942971e-02
2.201000000000000000e+03,8.557000000000000162e-01,6.767846801070681595e-02
2.202000000000000000e+03,8.551999999999999602e-01,6.793230779927841856e-02
2.203000000000000000e+03,8.545000000000000373e-01,6.828793294324433938e-02
2.204000000000000000e+03,8.538000000000000034e-01,6.864384953207203210e-02
2.205000000000000000e+03,8.530999999999999694e-01,6.900005804384787278e-02
2.206000000000000000e+03,8.524000000000000465e-01,6.935655895783561509e-02
2.207000000000000000e+03,8.517000000000000126e-01,6.971335275448034552e-02
2.208000000000000000e+03,8.509999999999999787e-01,7.007043991541213324e-02
2.209000000000000000e+03,8.502999999999999448e-01,7.042782092345008238e-02
2.210000000000000000e+03,8.496000000000000218e-01,7.078549626260614847e-02
2.211000000000000000e+03,8.487999999999999989e-01,7.119462910671574274e-02
2.212000000000000000e+03,8.480999999999999650e-01,7.155293679081800584e-02
2.213000000000000000e+03,8.473000000000000531e-01,7.196279359311698320e-02
2.214000000000000000e+03,8.465000000000000302e-01,7.237303755504594094e-02
2.215000000000000000e+03,8.457000000000000073e-01,7.278366940873523538e-02
2.216000000000000000e+03,8.449999999999999734e-01,7.314329105030767386e-02
2.217000000000000000e+03,8.441999999999999504e-01,7.355465218161069685e-02
2.218000000000000000e+03,8.435000000000000275e-01,7.391491307485596740e-02
2.219000000000000000e+03,8.427000000000000046e-01,7.432700607875947219e-02
2.220000000000000000e+03,8.418999999999999817e-01,7.473949048056474642e-02
2.221000000000000000e+03,8.408999999999999808e-01,7.525564752005145519e-02
2.222000000000000000e+03,8.398999999999999799e-01,7.577241873988228849e-02
2.223000000000000000e+03,8.388999999999999790e-01,7.628980560343721906e-02
2.224000000000000000e+03,8.378999999999999782e-01,7.680780957933251718e-02
2.225000000000000000e+03,8.368999999999999773e-01,7.732643214144578614e-02
2.226000000000000000e+03,8.358999999999999764e-01,7.784567476894116433e-02
2.227000000000000000e+03,8.348999999999999755e-01,7.836553894629461059e-02
2.228000000000000000e+03,8.338999999999999746e-01,7.888602616331935602e-02
2.229000000000000000e+03,8.326000000000000068e-01,7.956359344924140986e-02
2.230000000000000000e+03,8.314000000000000279e-01,8.018997982980402561e-02
2.231000000000000000e+03,8.298999999999999710e-01,8.097423541263973346e-02
2.232000000000000000e+03,8.285000000000000142e-01,8.170748724464443891e-02
2.233000000000000000e+03,8.270999999999999464e-01,8.244197917456388969e-02
2.234000000000000000e+03,8.256999999999999895e-01,8.317771540408798459e-02
2.235000000000000000e+03,8.242000000000000437e-01,8.396738981143052338e-02
2.236000000000000000e+03,8.227999999999999758e-01,8.470571697731360539e-02
2.237000000000000000e+03,8.207999999999999741e-01,8.576265223225895684e-02
2.238000000000000000e+03,8.188999999999999613e-01,8.676912888643946442e-02
2.239000000000000000e+03,8.166999999999999815e-01,8.793744441149765889e-02
2.240000000000000000e+03,8.145000000000000018e-01,8.910891135547180375e-02
2.241000000000000000e+03,8.123000000000000220e-01,9.028354676565537862e-02
2.242000000000000000e+03,8.102000000000000313e-01,9.140776115243055833e-02
2.243000000000000000e+03,8.080000000000000515e-01,9.258863922541381297e-02
2.244000000000000000e+03,8.058999999999999497e-01,9.371884422784695912e-02
2.245000000000000000e+03,8.037999999999999590e-01,9.485199814398397045e-02
2.246000000000000000e+03,8.016999999999999682e-01,9.598811640261178946e-02
2.247000000000000000e+03,7.995999999999999774e-01,9.712721455392067660e-02
2.248000000000000000e+03,7.975999999999999757e-01,9.821485469640070520e-02
2.249000000000000000e+03,7.953000000000000069e-01,9.946901754724413180e-02
2.250000000000000000e+03,7.931000000000000272e-01,1.006720501223459102e-01
2.251000000000000000e+03,7.907999999999999474e-01,1.019333393583653352e-01
2.252000000000000000e+03,7.885999999999999677e-01,1.031432272627956365e-01
2.253000000000000000e+03,7.864999999999999769e-01,1.043012730406943506e-01
2.254000000000000000e+03,7.843999999999999861e-01,1.054624150042535735e-01
2.255000000000000000e+03,7.824999999999999734e-01,1.065156537815139248e-01
2.256000000000000000e+03,7.806999999999999496e-01,1.075158206353123702e-01
2.257000000000000000e+03,7.796999999999999487e-01,1.080724657793249860e-01
2.258000000000000000e+03,7.786999999999999478e-01,1.086298253038518735e-01
2.259000000000000000e+03,7.780000000000000249e-01,1.090204030103110594e-01
2.260000000000000000e+03,7.805999999999999606e-01,1.075714530547701303e-01
2.261000000000000000e+03,7.779000000000000359e-01,1.090762285109860563e-01
2.262000000000000000e+03,7.784999999999999698e-01,1.087413830958609273e-01
2.263000000000000000e+03,7.905999999999999694e-01,1.020431899930481917e-01
2.264000000000000000e+03,8.027999999999999581e-01,9.539263618455208482e-02
2.265000000000000000e+03,8.134000000000000119e-01,8.969583193143122746e-02
2.266000000000000000e+03,8.239999999999999547e-01,8.407278830288422711e-02
2.267000000000000000e+03,8.243000000000000327e-01,8.391470015629726165e-02
2.268000000000000000e+03,8.252000000000000446e-01,8.344078069888602456e-02
2.269000000000000000e+03,8.213000000000000300e-01,8.549817717268591577e-02
2.270000000000000000e+03,8.179999999999999494e-01,8.724669632867702862e-02
2.271000000000000000e+03,8.098999999999999533e-01,9.156860103399364070e-02
2.272000000000000000e+03,8.018999999999999462e-01,9.587978652380035882e-02
2.273000000000000000e+03,7.937999999999999501e-01,1.002889054288554210e-01
2.274000000000000000e+03,7.858000000000000540e-01,1.046879755242126619e-01
2.275000000000000000e+03,7.776999999999999469e-01,1.091879010448755793e-01
2.276000000000000000e+03,7.697000000000000508e-01,1.136785134405202818e-01
2.277000000000000000e+03,7.632999999999999785e-01,1.173047376184029045e-01
2.278000000000000000e+03,7.570000000000000062e-01,1.209041204999272423e-01
2.279000000000000000e+03,7.571999999999999842e-01,1.207893947082408631e-01
2.280000000000000000e+03,7.584999999999999520e-01,1.200444148772507325e-01
2.281000000000000000e+03,7.600999999999999979e-01,1.191292674675765578e-01
2.282000000000000000e+03,7.627000000000000446e-01,1.176462536112860141e-01
2.283000000000000000e+03,7.652999999999999803e-01,1.161682866705475436e-01
2.284000000000000000e+03,7.680000000000000160e-01,1.146387799684879943e-01
2.285000000000000000e+03,7.705999999999999517e-01,1.131709953230179144e-01
2.286000000000000000e+03,7.731999999999999984e-01,1.117081546434846029e-01
2.287000000000000000e+03,7.758000000000000451e-01,1.102502247359622989e-01
2.288000000000000000e+03,7.784999999999999698e-01,1.087413830958609273e-01
2.289000000000000000e+03,7.811000000000000165e-01,1.072933621943344545e-01
2.290000000000000000e+03,7.838000000000000522e-01,1.057947408579161808e-01
2.291000000000000000e+03,7.863999999999999879e-01,1.043564951759207993e-01
2.292000000000000000e+03,7.890000000000000346e-01,1.029229967905796739e-01
2.293000000000000000e+03,7.915999999999999703e-01,1.014942144656413581e-01
2.294000000000000000e+03,7.943000000000000060e-01,1.000154374506089933e-01
2.295000000000000000e+03,7.969000000000000528e-01,9.859617317474816955e-02
2.296000000000000000e+03,7.994999999999999885e-01,9.718153191774650534e-02
2.297000000000000000e+03,8.021000000000000352e-01,9.577148365992152468e-02
2.298000000000000000e+03,8.047999999999999599e-01,9.431203228814784290e-02
2.299000000000000000e+03,8.074000000000000066e-01,9.291125492570442845e-02
2.300000000000000000e+03,8.100000000000000533e-01,9.151498112135021679e-02
2.301000000000000000e+03,8.105999999999999872e-01,9.119340059432577694e-02
2.302000000000000000e+03,8.104999999999999982e-01,9.124698081546625539e-02
2.303000000000000000e+03,8.107999999999999652e-01,9.108625997902891624e-02
2.304000000000000000e+03,8.104000000000000092e-01,9.130056764777598477e-02
2.305000000000000000e+03,8.067999999999999616e-01,9.323411045927219865e-02
2.306000000000000000e+03,8.032000000000000250e-01,9.517630019905587435e-02
2.307000000000000000e+03,7.994999999999999885e-01,9.718153191774650534e-02
2.308000000000000000e+03,7.959000000000000519e-01,9.914149529800836413e-02
2.309000000000000000e+03,7.923000000000000043e-01,1.011103440734135162e-01
2.310000000000000000e+03,7.886999999999999567e-01,1.030881591739748609e-01
2.311000000000000000e+03,7.851000000000000201e-01,1.050750226404565807e-01
2.312000000000000000e+03,7.814999999999999725e-01,1.070710176447943057e-01
2.313000000000000000e+03,7.779000000000000359e-01,1.090762285109860563e-01
2.314000000000000000e+03,7.712999999999999856e-01,1.127766686374769706e-01
2.315000000000000000e+03,7.720000000000000195e-01,1.123826996642638409e-01
2.316000000000000000e+03,7.698000000000000398e-01,1.136220932414278434e-01
2.317000000000000000e+03,7.747000000000000552e-01,1.108664440332760709e-01
2.318000000000000000e+03,7.795999999999999597e-01,1.081281695544162036e-01
2.319000000000000000e+03,7.854999999999999760e-01,1.048538106240078788e-01
2.320000000000000000e+03,7.914999999999999813e-01,1.015490808016252938e-01
2.321000000000000000e+03,7.973999999999999977e-01,9.832376867362437045e-02
2.322000000000000000e+03,8.034000000000000030e-01,9.506817260434739791e-02
2.323000000000000000e+03,8.093000000000000194e-01,9.189045960744782193e-02
2.324000000000000000e+03,8.153000000000000247e-01,8.868255767596944228e-02
2.325000000000000000e+03,8.191000000000000503e-01,8.666307406737677743e-02
2.326000000000000000e+03,8.228999999999999648e-01,8.465293767580814310e-02
2.327000000000000000e+03,8.243000000000000327e-01,8.391470015629726165e-02
2.328000000000000000e+03,8.257999999999999785e-01,8.312512146131668944e-02
2.329000000000000000e+03,8.266999999999999904e-01,8.265206237222837149e-02
2.330000000000000000e+03,8.276999999999999913e-01,8.212704480115209926e-02
2.331000000000000000e+03,8.285000000000000142e-01,8.170748724464443891e-02
2.332000000000000000e+03,8.293000000000000371e-01,8.128833461767875912e-02
2.333000000000000000e+03,8.297999999999999821e-01,8.102656950704580086e-02
2.334000000000000000e+03,8.304000000000000270e-01,8.071265949561735875e-02
2.335000000000000000e+03,8.308999999999999719e-01,8.045124103115196268e-02
2.336000000000000000e+03,8.315000000000000169e-01,8.013774644446194917e-02
2.337000000000000000e+03,8.319999999999999618e-01,7.987667370927607757e-02
2.338000000000000000e+03,8.325000000000000178e-01,7.961575782164251325e-02
2.339000000000000000e+03,8.327999999999999847e-01,7.945928349752026665e-02
2.340000000000000000e+03,8.332000000000000517e-01,7.925073872429171107e-02
2.341000000000000000e+03,8.334000000000000297e-01,7.914650387874078152e-02
2.342000000000000000e+03,8.336000000000000076e-01,7.904229404455073715e-02
2.343000000000000000e+03,8.337999999999999856e-01,7.893810920972142708e-02
2.344000000000000000e+03,8.339999999999999636e-01,7.883394936226130467e-02
2.345000000000000000e+03,8.337999999999999856e-01,7.893810920972142708e-02
2.346000000000000000e+03,8.336000000000000076e-01,7.904229404455073715e-02
2.347000000000000000e+03,8.332000000000000517e-01,7.925073872429171107e-02
2.348000000000000000e+03,8.328999999999999737e-01,7.940713791519152243e-02
2.349000000000000000e+03,8.325000000000000178e-01,7.961575782164251325e-02
2.350000000000000000e+03,8.322000000000000508e-01,7.977228854307147343e-02
2.351000000000000000e+03,8.316000000000000059e-01,8.008551934056842847e-02
2.352000000000000000e+03,8.310999999999999499e-01,8.034671768963583260e-02
2.353000000000000000e+03,8.305000000000000160e-01,8.066036321258671093e-02
2.354000000000000000e+03,8.298999999999999710e-01,8.097423541263973346e-02
2.355000000000000000e+03,8.293000000000000371e-01,8.128833461767875912e-02
2.356000000000000000e+03,8.287999999999999812e-01,8.155025759884221292e-02
2.357000000000000000e+03,8.282000000000000473e-01,8.186477383364071381e-02
2.358000000000000000e+03,8.276999999999999913e-01,8.212704480115209926e-02
2.359000000000000000e+03,8.270999999999999464e-01,8.244197917456388969e-02
2.360000000000000000e+03,8.266000000000000014e-01,8.270459905431061520e-02
2.361000000000000000e+03,8.263000000000000345e-01,8.286224724355571725e-02
2.362000000000000000e+03,8.259999999999999565e-01,8.301995267961780056e-02
2.363000000000000000e+03,8.256999999999999895e-01,8.317771540408798459e-02
2.364000000000000000e+03,8.254000000000000226e-01,8.333553545860282463e-02
2.365000000000000000e+03,8.249999999999999556e-01,8.354605145007493183e-02
2.366000000000000000e+03,8.246999999999999886e-01,8.370400543686910833e-02
2.367000000000000000e+03,8.244000000000000217e-01,8.386201689282472838e-02
2.368000000000000000e+03,8.241000000000000547e-01,8.402008585977560617e-02
2.369000000000000000e+03,8.239999999999999547e-01,8.407278830288422711e-02
2.370000000000000000e+03,8.238999999999999657e-01,8.412549714230850573e-02
2.371000000000000000e+03,8.237999999999999767e-01,8.417821237960126934e-02
2.372000000000000000e+03,8.237999999999999767e-01,8.417821237960126934e-02
2.373000000000000000e+03,8.236999999999999877e-01,8.423093401631587263e-02
2.374000000000000000e+03,8.235999999999999988e-01,8.428366205400623923e-02
2.375000000000000000e+03,8.234000000000000208e-01,8.438913733853274646e-02
2.376000000000000000e+03,8.232000000000000428e-01,8.449463824562346292e-02
2.377000000000000000e+03,8.228999999999999648e-01,8.465293767580814310e-02
2.378000000000000000e+03,8.226999999999999869e-01,8.475850269380560964e-02
2.379000000000000000e+03,8.225000000000000089e-01,8.486409337798808683e-02
2.380000000000000000e+03,8.223000000000000309e-01,8.496970974083915829e-02
2.381000000000000000e+03,8.221000000000000529e-01,8.507535179485148369e-02
2.382000000000000000e+03,8.218999999999999639e-01,8.518101955252689594e-02
2.383000000000000000e+03,8.215999999999999970e-01,8.533956941077822100e-02
2.384000000000000000e+03,8.214000000000000190e-01,8.544530148236637035e-02
2.385000000000000000e+03,8.213000000000000300e-01,8.549817717268591577e-02
2.386000000000000000e+03,8.213000000000000300e-01,8.549817717268591577e-02
2.387000000000000000e+03,8.212000000000000410e-01,8.555105930144571436e-02
2.388000000000000000e+03,8.212000000000000410e-01,8.555105930144571436e-02
2.389000000000000000e+03,8.212000000000000410e-01,8.555105930144571436e-02
2.390000000000000000e+03,8.212000000000000410e-01,8.555105930144571436e-02
2.391000000000000000e+03,8.211000000000000520e-01,8.560394787021390062e-02
2.392000000000000000e+03,8.211000000000000520e-01,8.560394787021390062e-02
2.393000000000000000e+03,8.211000000000000520e-01,8.560394787021390062e-02
2.394000000000000000e+03,8.211000000000000520e-01,8.560394787021390062e-02
2.395000000000000000e+03,8.209999999999999520e-01,8.565684288055924744e-02
2.396000000000000000e+03,8.209999999999999520e-01,8.565684288055924744e-02
2.397000000000000000e+03,8.209999999999999520e-01,8.565684288055924744e-02
2.398000000000000000e+03,8.209999999999999520e-01,8.565684288055924744e-02
2.399000000000000000e+03,8.207999999999999741e-01,8.576265223225895684e-02
2.400000000000000000e+03,8.205999999999999961e-01,8.586848736910615565e-02
2.401000000000000000e+03,8.202000000000000401e-01,8.608023504853407060e-02
2.402000000000000000e+03,8.197999999999999732e-01,8.629208601951707247e-02
2.403000000000000000e+03,8.194000000000000172e-01,8.650404038287648478e-02
2.404000000000000000e+03,8.189999999999999503e-01,8.671609823958155439e-02
2.405000000000000000e+03,8.185999999999999943e-01,8.692825969074925718e-02
2.406000000000000000e+03,8.182000000000000384e-01,8.714052483764501977e-02
2.407000000000000000e+03,8.175000000000000044e-01,8.751223866767630921e-02
2.408000000000000000e+03,8.168999999999999595e-01,8.783110394037302315e-02
2.409000000000000000e+03,8.159999999999999476e-01,8.830984124613888708e-02
2.410000000000000000e+03,8.152000000000000357e-01,8.873582900163000386e-02
2.411000000000000000e+03,8.143000000000000238e-01,8.921556520716283911e-02
2.412000000000000000e+03,8.135000000000000009e-01,8.964244272712240669e-02
2.413000000000000000e+03,8.125999999999999890e-01,9.012318200960720005e-02
2.414000000000000000e+03,8.117999999999999661e-01,9.055095301873340718e-02
2.415000000000000000e+03,8.114000000000000101e-01,9.076499663169261545e-02
2.416000000000000000e+03,8.111000000000000432e-01,9.092559859909565834e-02
2.417000000000000000e+03,8.112000000000000322e-01,9.087205801073922062e-02
2.418000000000000000e+03,8.113000000000000211e-01,9.081852402214715680e-02
2.419000000000000000e+03,8.116999999999999771e-01,9.060445403289447974e-02
2.420000000000000000e+03,8.122000000000000330e-01,9.033701484598184728e-02
2.421000000000000000e+03,8.125999999999999890e-01,9.012318200960720005e-02
2.422000000000000000e+03,8.131000000000000449e-01,8.985603893548710364e-02
2.423000000000000000e+03,8.135000000000000009e-01,8.964244272712240669e-02
2.424000000000000000e+03,8.138999999999999568e-01,8.942895151874147297e-02
2.425000000000000000e+03,8.143000000000000238e-01,8.921556520716283911e-02
2.426000000000000000e+03,8.147999999999999687e-01,8.894897967187351262e-02
2.427000000000000000e+03,8.152000000000000357e-01,8.873582900163000386e-02
2.428000000000000000e+03,8.155999999999999917e-01,8.852278289389761690e-02
2.429000000000000000e+03,8.159999999999999476e-01,8.830984124613888708e-02
2.430000000000000000e+03,8.164000000000000146e-01,8.809700395596709033e-02
2.431000000000000000e+03,8.167999999999999705e-01,8.788427092114618755e-02
2.432000000000000000e+03,8.172000000000000375e-01,8.767164203958999202e-02
2.433000000000000000e+03,8.175999999999999934e-01,8.745911720936248857e-02
2.434000000000000000e+03,8.179999999999999494e-01,8.724669632867702862e-02
2.435000000000000000e+03,8.185000000000000053e-01,8.698131625203975315e-02
2.436000000000000000e+03,8.189999999999999503e-01,8.671609823958155439e-02
2.437000000000000000e+03,8.195999999999999952e-01,8.639805027084261624e-02
2.438000000000000000e+03,8.203000000000000291e-01,8.602728844902890470e-02
2.439000000000000000e+03,8.208999999999999631e-01,8.570974433405095794e-02
2.440000000000000000e+03,8.215999999999999970e-01,8.533956941077822100e-02
2.441000000000000000e+03,8.222000000000000419e-01,8.502252755566902520e-02
2.442000000000000000e+03,8.228999999999999648e-01,8.465293767580814310e-02
2.443000000000000000e+03,8.235000000000000098e-01,8.433639649422684792e-02
2.444000000000000000e+03,8.242000000000000437e-01,8.396738981143052338e-02
2.445000000000000000e+03,8.246999999999999886e-01,8.370400543686910833e-02
2.446000000000000000e+03,8.252000000000000446e-01,8.344078069888602456e-02
2.447000000000000000e+03,8.255000000000000115e-01,8.328292240118755074e-02
2.448000000000000000e+03,8.258999999999999675e-01,8.307253388700731878e-02
2.449000000000000000e+03,8.256999999999999895e-01,8.317771540408798459e-02
2.450000000000000000e+03,8.272000000000000464e-01,8.238947425013269654e-02
2.451000000000000000e+03,8.254000000000000226e-01,8.333553545860282463e-02
2.452000000000000000e+03,8.252000000000000446e-01,8.344078069888602456e-02
2.453000000000000000e+03,8.248999999999999666e-01,8.359869639612439729e-02
2.454000000000000000e+03,8.246999999999999886e-01,8.370400543686910833e-02
2.455000000000000000e+03,8.244000000000000217e-01,8.386201689282472838e-02
2.456000000000000000e+03,8.242000000000000437e-01,8.396738981143052338e-02
2.457000000000000000e+03,8.239999999999999547e-01,8.407278830288422711e-02
2.458000000000000000e+03,8.237999999999999767e-01,8.417821237960126934e-02
2.459000000000000000e+03,8.235000000000000098e-01,8.433639649422684792e-02
2.460000000000000000e+03,8.233000000000000318e-01,8.444188458847955159e-02
2.461000000000000000e+03,8.229999999999999538e-01,8.460016478773017823e-02
2.462000000000000000e+03,8.227999999999999758e-01,8.470571697731360539e-02
2.463000000000000000e+03,8.225000000000000089e-01,8.486409337798808683e-02
2.464000000000000000e+03,8.223000000000000309e-01,8.496970974083915829e-02
2.465000000000000000e+03,8.219999999999999529e-01,8.512818245994963062e-02
2.466000000000000000e+03,8.217999999999999750e-01,8.523386307414751450e-02
2.467000000000000000e+03,8.215000000000000080e-01,8.539243222891947094e-02
2.468000000000000000e+03,8.212000000000000410e-01,8.555105930144571436e-02
2.469000000000000000e+03,8.208999999999999631e-01,8.570974433405095794e-02
2.470000000000000000e+03,8.205999999999999961e-01,8.586848736910615565e-02
2.471000000000000000e+03,8.204000000000000181e-01,8.597434830367131631e-02
2.472000000000000000e+03,8.203000000000000291e-01,8.602728844902890470e-02
2.473000000000000000e+03,8.205000000000000071e-01,8.592141461088798060e-02
2.474000000000000000e+03,8.206999999999999851e-01,8.581556657675368238e-02
2.475000000000000000e+03,8.208999999999999631e-01,8.570974433405095794e-02
2.476000000000000000e+03,8.211000000000000520e-01,8.560394787021390062e-02
2.477000000000000000e+03,8.213000000000000300e-01,8.549817717268591577e-02
2.478000000000000000e+03,8.215000000000000080e-01,8.539243222891947094e-02
2.479000000000000000e+03,8.217999999999999750e-01,8.523386307414751450e-02
2.480000000000000000e+03,8.221000000000000529e-01,8.507535179485148369e-02
2.481000000000000000e+03,8.224000000000000199e-01,8.491689834879947996e-02
2.482000000000000000e+03,8.227999999999999758e-01,8.470571697731360539e-02
2.483000000000000000e+03,8.231000000000000538e-01,8.454739831152120744e-02
2.484000000000000000e+03,8.234000000000000208e-01,8.438913733853274646e-02
2.485000000000000000e+03,8.236999999999999877e-01,8.423093401631587263e-02
2.486000000000000000e+03,8.241000000000000547e-01,8.402008585977560617e-02
2.487000000000000000e+03,8.244000000000000217e-01,8.386201689282472838e-02
2.488000000000000000e+03,8.246999999999999886e-01,8.370400543686910833e-02
2.489000000000000000e+03,8.249999999999999556e-01,8.354605145007493183e-02
2.490000000000000000e+03,8.254000000000000226e-01,8.333553545860282463e-02
2.491000000000000000e+03,8.256999999999999895e-01,8.317771540408798459e-02
2.492000000000000000e+03,8.259999999999999565e-01,8.301995267961780056e-02
2.493000000000000000e+03,8.263000000000000345e-01,8.286224724355571725e-02
2.494000000000000000e+03,8.266999999999999904e-01,8.265206237222837149e-02
2.495000000000000000e+03,8.269999999999999574e-01,8.249449044745335580e-02
2.496000000000000000e+03,8.273000000000000353e-01,8.233697567262503181e-02
2.497000000000000000e+03,8.276000000000000023e-01,8.217951800630302062e-02
2.498000000000000000e+03,8.279999999999999583e-01,8.196966321511987841e-02
2.499000000000000000e+03,8.282000000000000473e-01,8.186477383364071381e-02
2.500000000000000000e+03,8.284000000000000252e-01,8.175990977858499376e-02
2.501000000000000000e+03,8.286000000000000032e-01,8.165507103772508268e-02
2.502000000000000000e+03,8.287999999999999812e-01,8.155025759884221292e-02
2.503000000000000000e+03,8.289999999999999591e-01,8.144546944972647085e-02
2.504000000000000000e+03,8.292000000000000481e-01,8.134070657817674133e-02
2.505000000000000000e+03,8.293000000000000371e-01,8.128833461767875912e-02
2.506000000000000000e+03,8.295000000000000151e-01,8.118360963962048538e-02
2.507000000000000000e+03,8.295000000000000151e-01,8.118360963962048538e-02
2.508000000000000000e+03,8.296000000000000041e-01,8.113125661901544883e-02
2.509000000000000000e+03,8.296000000000000041e-01,8.113125661901544883e-02
2.510000000000000000e+03,8.296999999999999931e-01,8.107890990866421788e-02
2.511000000000000000e+03,8.297999999999999821e-01,8.102656950704580086e-02
2.512000000000000000e+03,8.298999999999999710e-01,8.097423541263973346e-02
2.513000000000000000e+03,8.298999999999999710e-01,8.097423541263973346e-02
2.514000000000000000e+03,8.299999999999999600e-01,8.092190762392612036e-02
2.515000000000000000e+03,8.299999999999999600e-01,8.092190762392612036e-02
2.516000000000000000e+03,8.300999999999999490e-01,8.086958613938560747e-02
2.517000000000000000e+03,8.300999999999999490e-01,8.086958613938560747e-02
2.518000000000000000e+03,8.302000000000000490e-01,8.081727095749934031e-02
2.519000000000000000e+03,8.302000000000000490e-01,8.081727095749934031e-02
2.520000000000000000e+03,8.303000000000000380e-01,8.076496207674917216e-02
2.521000000000000000e+03,8.303000000000000380e-01,8.076496207674917216e-02
2.522000000000000000e+03,8.304000000000000270e-01,8.071265949561735875e-02
2.523000000000000000e+03,8.304000000000000270e-01,8.071265949561735875e-02
2.524000000000000000e+03,8.305000000000000160e-01,8.066036321258671093e-02
2.525000000000000000e+03,8.305000000000000160e-01,8.066036321258671093e-02
2.526000000000000000e+03,8.306000000000000050e-01,8.060807322614063630e-02
2.527000000000000000e+03,8.306999999999999940e-01,8.055578953476306980e-02
2.528000000000000000e+03,8.307999999999999829e-01,8.050351213693850150e-02
2.529000000000000000e+03,8.307999999999999829e-01,8.050351213693850150e-02
2.530000000000000000e+03,8.308999999999999719e-01,8.045124103115196268e-02
2.531000000000000000e+03,8.308999999999999719e-01,8.045124103115196268e-02
2.532000000000000000e+03,8.309999999999999609e-01,8.039897621588902588e-02
2.533000000000000000e+03,8.310999999999999499e-01,8.034671768963583260e-02
2.534000000000000000e+03,8.312000000000000499e-01,8.029446545087898235e-02
2.535000000000000000e+03,8.313000000000000389e-01,8.024221949810581012e-02
2.536000000000000000e+03,8.315000000000000169e-01,8.013774644446194917e-02
2.537000000000000000e+03,8.316999999999999948e-01,8.003329851661285244e-02
2.538000000000000000e+03,8.318999999999999728e-01,7.992887570247592111e-02
2.539000000000000000e+03,8.319999999999999618e-01,7.987667370927607757e-02
2.540000000000000000e+03,8.322000000000000508e-01,7.977228854307147343e-02
2.541000000000000000e+03,8.324000000000000288e-01,7.966792846041065301e-02
2.542000000000000000e+03,8.326000000000000068e-01,7.956359344924140986e-02
2.543000000000000000e+03,8.326999999999999957e-01,7.951143534170219962e-02
2.544000000000000000e+03,8.328999999999999737e-01,7.940713791519152243e-02
2.545000000000000000e+03,8.330999999999999517e-01,7.930286553007999395e-02
2.546000000000000000e+03,8.333000000000000407e-01,7.919861817434578621e-02
2.547000000000000000e+03,8.335000000000000187e-01,7.909439583597585588e-02
2.548000000000000000e+03,8.337999999999999856e-01,7.893810920972142708e-02
2.549000000000000000e+03,8.339999999999999636e-01,7.883394936226130467e-02
2.550000000000000000e+03,8.343000000000000416e-01,7.867775641617802407e-02
2.551000000000000000e+03,8.345000000000000195e-01,7.857365898473447907e-02
2.552000000000000000e+03,8.346999999999999975e-01,7.846958649875759861e-02
2.553000000000000000e+03,8.349999999999999645e-01,7.831352451639793377e-02
2.554000000000000000e+03,8.353000000000000425e-01,7.815751859414203639e-02
2.555000000000000000e+03,8.356999999999999984e-01,7.794959783282619237e-02
2.556000000000000000e+03,8.360999999999999543e-01,7.774177656703339101e-02
2.557000000000000000e+03,8.364000000000000323e-01,7.758597585436573241e-02
2.558000000000000000e+03,8.367999999999999883e-01,7.737832847680098380e-02
2.559000000000000000e+03,8.370999999999999552e-01,7.722265807120215486e-02
2.560000000000000000e+03,8.375000000000000222e-01,7.701518429111714470e-02
2.561000000000000000e+03,8.377999999999999892e-01,7.685964397479932986e-02
2.562000000000000000e+03,8.380999999999999561e-01,7.670415934449607842e-02
2.563000000000000000e+03,8.381999999999999451e-01,7.665234350217449422e-02
2.564000000000000000e+03,8.383000000000000451e-01,7.660053384128349963e-02
2.565000000000000000e+03,8.381999999999999451e-01,7.665234350217449422e-02
2.566000000000000000e+03,8.381999999999999451e-01,7.665234350217449422e-02
2.567000000000000000e+03,8.379999999999999671e-01,7.675598136972351659e-02
2.568000000000000000e+03,8.378999999999999782e-01,7.680780957933251718e-02
2.569000000000000000e+03,8.377000000000000002e-01,7.691148455760074554e-02
2.570000000000000000e+03,8.376000000000000112e-01,7.696333132921406861e-02
2.571000000000000000e+03,8.373000000000000442e-01,7.711890879170649193e-02
2.572000000000000000e+03,8.370999999999999552e-01,7.722265807120215486e-02
2.573000000000000000e+03,8.367999999999999883e-01,7.737832847680098380e-02
2.574000000000000000e+03,8.366000000000000103e-01,7.748213975538854881e-02
2.575000000000000000e+03,8.363000000000000433e-01,7.763790321520995519e-02
2.576000000000000000e+03,8.360999999999999543e-01,7.774177656703339101e-02
2.577000000000000000e+03,8.353000000000000425e-01,7.815751859414203639e-02
2.578000000000000000e+03,8.345000000000000195e-01,7.857365898473447907e-02
2.579000000000000000e+03,8.336999999999999966e-01,7.899019850296566669e-02
2.580000000000000000e+03,8.329999999999999627e-01,7.935499859321243354e-02
2.581000000000000000e+03,8.322000000000000508e-01,7.977228854307147343e-02
2.582000000000000000e+03,8.314000000000000279e-01,8.018997982980402561e-02
2.583000000000000000e+03,8.305000000000000160e-01,8.066036321258671093e-02
2.584000000000000000e+03,8.296999999999999931e-01,8.107890990866421788e-02
2.585000000000000000e+03,8.287999999999999812e-01,8.155025759884221292e-02
2.586000000000000000e+03,8.278999999999999693e-01,8.202211740709175469e-02
2.587000000000000000e+03,8.269999999999999574e-01,8.249449044745335580e-02
2.588000000000000000e+03,8.262000000000000455e-01,8.291480935943267017e-02
2.589000000000000000e+03,8.253000000000000336e-01,8.338815489065401487e-02
2.590000000000000000e+03,8.244000000000000217e-01,8.386201689282472838e-02
2.591000000000000000e+03,8.235000000000000098e-01,8.433639649422684792e-02
2.592000000000000000e+03,8.225999999999999979e-01,8.481129482684371390e-02
2.593000000000000000e+03,8.216999999999999860e-01,8.528671302637619300e-02
2.594000000000000000e+03,8.208999999999999631e-01,8.570974433405095794e-02
2.595000000000000000e+03,8.199999999999999512e-01,8.618614761628333454e-02
2.596000000000000000e+03,8.191000000000000503e-01,8.666307406737677743e-02
2.597000000000000000e+03,8.181000000000000494e-01,8.719360733870765157e-02
2.598000000000000000e+03,8.172000000000000375e-01,8.767164203958999202e-02
2.599000000000000000e+03,8.162000000000000366e-01,8.820340956274787259e-02
2.600000000000000000e+03,8.152000000000000357e-01,8.873582900163000386e-02
2.601000000000000000e+03,8.141000000000000458e-01,8.932224525729473563e-02
2.602000000000000000e+03,8.131000000000000449e-01,8.985603893548710364e-02
2.603000000000000000e+03,8.120000000000000551e-01,9.044397075882466830e-02
2.604000000000000000e+03,8.110000000000000542e-01,9.097914578884394587e-02
2.605000000000000000e+03,8.100000000000000533e-01,9.151498112135021679e-02
2.606000000000000000e+03,8.090000000000000524e-01,9.205147838772766156e-02
2.607000000000000000e+03,8.080000000000000515e-01,9.258863922541381297e-02
2.608000000000000000e+03,8.071000000000000396e-01,9.307265269104413041e-02
2.609000000000000000e+03,8.061000000000000387e-01,9.361107884716908523e-02
2.610000000000000000e+03,8.052000000000000268e-01,9.409623378338308197e-02
2.611000000000000000e+03,8.045999999999999819e-01,9.441997176475747100e-02
2.612000000000000000e+03,8.020000000000000462e-01,9.582563171583646788e-02
2.613000000000000000e+03,8.037999999999999590e-01,9.485199814398397045e-02
2.614000000000000000e+03,8.036999999999999700e-01,9.490603167212871560e-02
2.615000000000000000e+03,8.038999999999999480e-01,9.479797133768139150e-02
2.616000000000000000e+03,8.041000000000000369e-01,9.468993788391448507e-02
2.617000000000000000e+03,8.051000000000000378e-01,9.415017335768122164e-02
2.618000000000000000e+03,8.062000000000000277e-01,9.355720618296761715e-02
2.619000000000000000e+03,8.105999999999999872e-01,9.119340059432577694e-02
2.620000000000000000e+03,8.149999999999999467e-01,8.884239126002341225e-02
2.621000000000000000e+03,8.181000000000000494e-01,8.719360733870765157e-02
2.622000000000000000e+03,8.213000000000000300e-01,8.549817717268591577e-02
2.623000000000000000e+03,8.239999999999999547e-01,8.407278830288422711e-02
2.624000000000000000e+03,8.266999999999999904e-01,8.265206237222837149e-02
2.625000000000000000e+03,8.280999999999999472e-01,8.191721535781282260e-02
2.626000000000000000e+03,8.295000000000000151e-01,8.118360963962048538e-02
2.627000000000000000e+03,8.303000000000000380e-01,8.076496207674917216e-02
2.628000000000000000e+03,8.310999999999999499e-01,8.034671768963583260e-02
2.629000000000000000e+03,8.317999999999999838e-01,7.998108397108519285e-02
2.630000000000000000e+03,8.325000000000000178e-01,7.961575782164251325e-02
2.631000000000000000e+03,8.329999999999999627e-01,7.935499859321243354e-02
2.632000000000000000e+03,8.335000000000000187e-01,7.909439583597585588e-02
2.633000000000000000e+03,8.339999999999999636e-01,7.883394936226130467e-02
2.634000000000000000e+03,8.345000000000000195e-01,7.857365898473447907e-02
2.635000000000000000e+03,8.348999999999999755e-01,7.836553894629461059e-02
2.636000000000000000e+03,8.353000000000000425e-01,7.815751859414203639e-02
2.637000000000000000e+03,8.356999999999999984e-01,7.794959783282619237e-02
2.638000000000000000e+03,8.362000000000000544e-01,7.768983678560405226e-02
2.639000000000000000e+03,8.366000000000000103e-01,7.748213975538854881e-02
2.640000000000000000e+03,8.369999999999999662e-01,7.727454200674002682e-02
2.641000000000000000e+03,8.374000000000000332e-01,7.706704344478831903e-02
2.642000000000000000e+03,8.377999999999999892e-01,7.685964397479932986e-02
2.643000000000000000e+03,8.381999999999999451e-01,7.665234350217449422e-02
2.644000000000000000e+03,8.386000000000000121e-01,7.644514193245058320e-02
2.645000000000000000e+03,8.389999999999999680e-01,7.623803917129974572e-02
2.646000000000000000e+03,8.394000000000000350e-01,7.603103512452871748e-02
2.647000000000000000e+03,8.397999999999999909e-01,7.582412969807915404e-02
2.648000000000000000e+03,8.401999999999999469e-01,7.561732279802685364e-02
2.649000000000000000e+03,8.406000000000000139e-01,7.541061433058175723e-02
2.650000000000000000e+03,8.409999999999999698e-01,7.520400420208783743e-02
2.651000000000000000e+03,8.414000000000000368e-01,7.499749231902243241e-02
2.652000000000000000e+03,8.417999999999999927e-01,7.479107858799645403e-02
2.653000000000000000e+03,8.421999999999999487e-01,7.458476291575376338e-02
2.654000000000000000e+03,8.426000000000000156e-01,7.437854520917101808e-02
2.655000000000000000e+03,8.428999999999999826e-01,7.422394616325371508e-02
2.656000000000000000e+03,8.433000000000000496e-01,7.401789967289683358e-02
2.657000000000000000e+03,8.436000000000000165e-01,7.386342893255121167e-02
2.658000000000000000e+03,8.439999999999999725e-01,7.365755337434495842e-02
2.659000000000000000e+03,8.443000000000000504e-01,7.350321072677960810e-02
2.660000000000000000e+03,8.447000000000000064e-01,7.329750581735504367e-02
2.661000000000000000e+03,8.449999999999999734e-01,7.314329105030767386e-02
2.662000000000000000e+03,8.453000000000000513e-01,7.298913102434891054e-02
2.663000000000000000e+03,8.456000000000000183e-01,7.283502570063013493e-02
2.664000000000000000e+03,8.459999999999999742e-01,7.262963696097647637e-02
2.665000000000000000e+03,8.463000000000000522e-01,7.247565912497125340e-02
2.666000000000000000e+03,8.466000000000000192e-01,7.232173586200853210e-02
2.667000000000000000e+03,8.468999999999999861e-01,7.216786713341821757e-02
2.668000000000000000e+03,8.473000000000000531e-01,7.196279359311698320e-02
2.669000000000000000e+03,8.476000000000000201e-01,7.180905196124302836e-02
2.670000000000000000e+03,8.478999999999999870e-01,7.165536473513789417e-02
2.671000000000000000e+03,8.481999999999999540e-01,7.150173187630921856e-02
2.672000000000000000e+03,8.485000000000000320e-01,7.134815334630538464e-02
2.673000000000000000e+03,8.487999999999999989e-01,7.119462910671574274e-02
2.674000000000000000e+03,8.491999999999999549e-01,7.099001450603882601e-02
2.675000000000000000e+03,8.493000000000000549e-01,7.093887591523453939e-02
2.676000000000000000e+03,8.494000000000000439e-01,7.088774334533932964e-02
2.677000000000000000e+03,8.494000000000000439e-01,7.088774334533932964e-02
2.678000000000000000e+03,8.495000000000000329e-01,7.083661679493556684e-02
2.679000000000000000e+03,8.496000000000000218e-01,7.078549626260614847e-02
2.680000000000000000e+03,8.497000000000000108e-01,7.073438174693445768e-02
2.681000000000000000e+03,8.497000000000000108e-01,7.073438174693445768e-02
2.682000000000000000e+03,8.497999999999999998e-01,7.068327324650439114e-02
2.683000000000000000e+03,8.497999999999999998e-01,7.068327324650439114e-02
2.684000000000000000e+03,8.498999999999999888e-01,7.063217075990037286e-02
2.685000000000000000e+03,8.498999999999999888e-01,7.063217075990037286e-02
2.686000000000000000e+03,8.499999999999999778e-01,7.058107428570728481e-02
2.687000000000000000e+03,8.499999999999999778e-01,7.058107428570728481e-02
2.688000000000000000e+03,8.499999999999999778e-01,7.058107428570728481e-02
2.689000000000000000e+03,8.498999999999999888e-01,7.063217075990037286e-02
2.690000000000000000e+03,8.497999999999999998e-01,7.068327324650439114e-02
2.691000000000000000e+03,8.496000000000000218e-01,7.078549626260614847e-02
2.692000000000000000e+03,8.495000000000000329e-01,7.083661679493556684e-02
2.693000000000000000e+03,8.494000000000000439e-01,7.088774334533932964e-02
2.694000000000000000e+03,8.493000000000000549e-01,7.093887591523453939e-02
2.695000000000000000e+03,8.490999999999999659e-01,7.104115911917020798e-02
2.696000000000000000e+03,8.489999999999999769e-01,7.109230975604734215e-02
2.697000000000000000e+03,8.487999999999999989e-01,7.119462910671574274e-02
2.698000000000000000e+03,8.487000000000000099e-01,7.124579782334675149e-02
2.699000000000000000e+03,8.485000000000000320e-01,7.134815334630538464e-02
2.700000000000000000e+03,8.484000000000000430e-01,7.139934015547574897e-02
2.701000000000000000e+03,8.481999999999999540e-01,7.150173187630921856e-02
2.702000000000000000e+03,8.480999999999999650e-01,7.155293679081800584e-02
2.703000000000000000e+03,8.480999999999999650e-01,7.155293679081800584e-02
2.704000000000000000e+03,8.480999999999999650e-01,7.155293679081800584e-02
2.705000000000000000e+03,8.479999999999999760e-01,7.160414774328618948e-02
2.706000000000000000e+03,8.479999999999999760e-01,7.160414774328618948e-02
2.707000000000000000e+03,8.479999999999999760e-01,7.160414774328618948e-02
2.708000000000000000e+03,8.479999999999999760e-01,7.160414774328618948e-02
2.709000000000000000e+03,8.478999999999999870e-01,7.165536473513789417e-02
2.710000000000000000e+03,8.478999999999999870e-01,7.165536473513789417e-02
2.711000000000000000e+03,8.478999999999999870e-01,7.165536473513789417e-02
2.712000000000000000e+03,8.478999999999999870e-01,7.165536473513789417e-02
2.713000000000000000e+03,8.477999999999999980e-01,7.170658776779775812e-02
2.714000000000000000e+03,8.477999999999999980e-01,7.170658776779775812e-02
2.715000000000000000e+03,8.477999999999999980e-01,7.170658776779775812e-02
2.716000000000000000e+03,8.477999999999999980e-01,7.170658776779775812e-02
2.717000000000000000e+03,8.478999999999999870e-01,7.165536473513789417e-02
2.718000000000000000e+03,8.479999999999999760e-01,7.160414774328618948e-02
2.719000000000000000e+03,8.480999999999999650e-01,7.155293679081800584e-02
2.720000000000000000e+03,8.483000000000000540e-01,7.145053299833613314e-02
2.721000000000000000e+03,8.484000000000000430e-01,7.139934015547574897e-02
2.722000000000000000e+03,8.485000000000000320e-01,7.134815334630538464e-02
2.723000000000000000e+03,8.484000000000000430e-01,7.139934015547574897e-02
2.724000000000000000e+03,8.500999999999999668e-01,7.052998382251052245e-02
2.725000000000000000e+03,8.480999999999999650e-01,7.155293679081800584e-02
2.726000000000000000e+03,8.479999999999999760e-01,7.160414774328618948e-02
2.727000000000000000e+03,8.478999999999999870e-01,7.165536473513789417e-02
2.728000000000000000e+03,8.477999999999999980e-01,7.170658776779775812e-02
2.729000000000000000e+03,8.474000000000000421e-01,7.191154033502915321e-02
2.730000000000000000e+03,8.469999999999999751e-01,7.211658966929310188e-02
2.731000000000000000e+03,8.465000000000000302e-01,7.237303755504594094e-02
2.732000000000000000e+03,8.459999999999999742e-01,7.262963696097647637e-02
2.733000000000000000e+03,8.455000000000000293e-01,7.288638806623942701e-02
2.734000000000000000e+03,8.449999999999999734e-01,7.314329105030767386e-02
2.735000000000000000e+03,8.445000000000000284e-01,7.340034609297250989e-02
2.736000000000000000e+03,8.439999999999999725e-01,7.365755337434495842e-02
2.737000000000000000e+03,8.435000000000000275e-01,7.391491307485596740e-02
2.738000000000000000e+03,8.430999999999999606e-01,7.412091069849920111e-02
2.739000000000000000e+03,8.426000000000000156e-01,7.437854520917101808e-02
2.740000000000000000e+03,8.421999999999999487e-01,7.458476291575376338e-02
2.741000000000000000e+03,8.417000000000000037e-01,7.484267282410148048e-02
2.742000000000000000e+03,8.411999999999999478e-01,7.510073598571653797e-02
2.743000000000000000e+03,8.407999999999999918e-01,7.530729697981419779e-02
2.744000000000000000e+03,8.405000000000000249e-01,7.546228222451019374e-02
2.745000000000000000e+03,8.401999999999999469e-01,7.561732279802685364e-02
2.746000000000000000e+03,8.399999999999999689e-01,7.572071393811835582e-02
2.747000000000000000e+03,8.398999999999999799e-01,7.577241873988228849e-02
2.748000000000000000e+03,8.397999999999999909e-01,7.582412969807915404e-02
2.749000000000000000e+03,8.400999999999999579e-01,7.566901529132161186e-02
2.750000000000000000e+03,8.405000000000000249e-01,7.546228222451019374e-02
2.751000000000000000e+03,8.407999999999999918e-01,7.530729697981419779e-02
2.752000000000000000e+03,8.411999999999999478e-01,7.510073598571653797e-02
2.753000000000000000e+03,8.415000000000000258e-01,7.494587968815734358e-02
2.754000000000000000e+03,8.418999999999999817e-01,7.473949048056474642e-02
2.755000000000000000e+03,8.425000000000000266e-01,7.443009045662375700e-02
2.756000000000000000e+03,8.431999999999999496e-01,7.406940213152864161e-02
2.757000000000000000e+03,8.438999999999999835e-01,7.370901311513662624e-02
2.758000000000000000e+03,8.446000000000000174e-01,7.334892291111110019e-02
2.759000000000000000e+03,8.453000000000000513e-01,7.298913102434891054e-02
2.760000000000000000e+03,8.459999999999999742e-01,7.262963696097647637e-02
2.761000000000000000e+03,8.467999999999999972e-01,7.221915065262561606e-02
2.762000000000000000e+03,8.477000000000000091e-01,7.175781684269091909e-02
2.763000000000000000e+03,8.486000000000000210e-01,7.129697256940291383e-02
2.764000000000000000e+03,8.496000000000000218e-01,7.078549626260614847e-02
2.765000000000000000e+03,8.504000000000000448e-01,7.037674848475963807e-02
2.766000000000000000e+03,8.511999999999999567e-01,6.996838504902705425e-02
2.767000000000000000e+03,8.516000000000000236e-01,6.976434723371503777e-02
2.768000000000000000e+03,8.520999999999999686e-01,6.950943469373041528e-02
2.769000000000000000e+03,8.526000000000000245e-01,6.925467168888660430e-02
2.770000000000000000e+03,8.530999999999999694e-01,6.900005804384787278e-02
2.771000000000000000e+03,8.534000000000000474e-01,6.884736147670671158e-02
2.772000000000000000e+03,8.537000000000000144e-01,6.869471857832676331e-02
2.773000000000000000e+03,8.538000000000000034e-01,6.864384953207203210e-02
2.774000000000000000e+03,8.539999999999999813e-01,6.854212931099494532e-02
2.775000000000000000e+03,8.540999999999999703e-01,6.849127813338247439e-02
2.776000000000000000e+03,8.541999999999999593e-01,6.844043290919477052e-02
2.777000000000000000e+03,8.541999999999999593e-01,6.844043290919477052e-02
2.778000000000000000e+03,8.541999999999999593e-01,6.844043290919477052e-02
2.779000000000000000e+03,8.538999999999999924e-01,6.859298644342652629e-02
2.780000000000000000e+03,8.537000000000000144e-01,6.869471857832676331e-02
2.781000000000000000e+03,8.534000000000000474e-01,6.884736147670671158e-02
2.782000000000000000e+03,8.531999999999999584e-01,6.894915322260888879e-02
2.783000000000000000e+03,8.528999999999999915e-01,6.910188558989542595e-02
2.784000000000000000e+03,8.527000000000000135e-01,6.920373701669978173e-02
2.785000000000000000e+03,8.521999999999999575e-01,6.945847013556559479e-02
2.786000000000000000e+03,8.518000000000000016e-01,6.966236426226994627e-02
2.787000000000000000e+03,8.510999999999999677e-01,7.001940948448528990e-02
2.788000000000000000e+03,8.504000000000000448e-01,7.037674848475963807e-02
2.789000000000000000e+03,8.497000000000000108e-01,7.073438174693445768e-02
2.790000000000000000e+03,8.490999999999999659e-01,7.104115911917020798e-02
2.791000000000000000e+03,8.484000000000000430e-01,7.139934015547574897e-02
2.792000000000000000e+03,8.477000000000000091e-01,7.175781684269091909e-02
2.793000000000000000e+03,8.469999999999999751e-01,7.211658966929310188e-02
2.794000000000000000e+03,8.464000000000000412e-01,7.242434530888944288e-02
2.795000000000000000e+03,8.457999999999999963e-01,7.273231918911841898e-02
2.796000000000000000e+03,8.451999999999999513e-01,7.304051161972426043e-02
2.797000000000000000e+03,8.446000000000000174e-01,7.334892291111110019e-02
2.798000000000000000e+03,8.440999999999999615e-01,7.360609973031780051e-02
2.799000000000000000e+03,8.435000000000000275e-01,7.391491307485596740e-02
2.800000000000000000e+03,8.429999999999999716e-01,7.417242537525768620e-02
2.801000000000000000e+03,8.424000000000000377e-01,7.448164182256987453e-02
2.802000000000000000e+03,8.418999999999999817e-01,7.473949048056474642e-02
2.803000000000000000e+03,8.417000000000000037e-01,7.484267282410148048e-02
2.804000000000000000e+03,8.416000000000000147e-01,7.489427319033614694e-02
2.805000000000000000e+03,8.416000000000000147e-01,7.489427319033614694e-02
2.806000000000000000e+03,8.417000000000000037e-01,7.484267282410148048e-02
2.807000000000000000e+03,8.417000000000000037e-01,7.484267282410148048e-02
2.808000000000000000e+03,8.417999999999999927e-01,7.479107858799645403e-02
2.809000000000000000e+03,8.417999999999999927e-01,7.479107858799645403e-02
2.810000000000000000e+03,8.418999999999999817e-01,7.473949048056474642e-02
2.811000000000000000e+03,8.418999999999999817e-01,7.473949048056474642e-02
2.812000000000000000e+03,8.419999999999999707e-01,7.468790850035050832e-02
2.813000000000000000e+03,8.420999999999999597e-01,7.463633264589844551e-02
2.814000000000000000e+03,8.421999999999999487e-01,7.458476291575376338e-02
2.815000000000000000e+03,8.423000000000000487e-01,7.453319930846211139e-02
2.816000000000000000e+03,8.424000000000000377e-01,7.448164182256987453e-02
2.817000000000000000e+03,8.425000000000000266e-01,7.443009045662375700e-02
2.818000000000000000e+03,8.427000000000000046e-01,7.432700607875947219e-02
2.819000000000000000e+03,8.425000000000000266e-01,7.443009045662375700e-02
2.820000000000000000e+03,8.424000000000000377e-01,7.448164182256987453e-02
2.821000000000000000e+03,8.419999999999999707e-01,7.468790850035050832e-02
2.822000000000000000e+03,8.417000000000000037e-01,7.484267282410148048e-02
2.823000000000000000e+03,8.410999999999999588e-01,7.515236702446287387e-02
2.824000000000000000e+03,8.405000000000000249e-01,7.546228222451019374e-02
2.825000000000000000e+03,8.395000000000000240e-01,7.597929952593240888e-02
2.826000000000000000e+03,8.385000000000000231e-01,7.649693305789545539e-02
2.827000000000000000e+03,8.375000000000000222e-01,7.701518429111714470e-02
2.828000000000000000e+03,8.365000000000000213e-01,7.753405470158666879e-02
2.829000000000000000e+03,8.354000000000000314e-01,7.810552907089766961e-02
2.830000000000000000e+03,8.343000000000000416e-01,7.867775641617802407e-02
2.831000000000000000e+03,8.327999999999999847e-01,7.945928349752026665e-02
2.832000000000000000e+03,8.313000000000000389e-01,8.024221949810581012e-02
2.833000000000000000e+03,8.297999999999999821e-01,8.102656950704580086e-02
2.834000000000000000e+03,8.283000000000000362e-01,8.181233864107435860e-02
2.835000000000000000e+03,8.266999999999999904e-01,8.265206237222837149e-02
2.836000000000000000e+03,8.252000000000000446e-01,8.344078069888602456e-02
2.837000000000000000e+03,8.234000000000000208e-01,8.438913733853274646e-02
2.838000000000000000e+03,8.215999999999999970e-01,8.533956941077822100e-02
2.839000000000000000e+03,8.197999999999999732e-01,8.629208601951707247e-02
2.840000000000000000e+03,8.181000000000000494e-01,8.719360733870765157e-02
2.841000000000000000e+03,8.163000000000000256e-01,8.815020350057985177e-02
2.842000000000000000e+03,8.145000000000000018e-01,8.910891135547180375e-02
2.843000000000000000e+03,8.131000000000000449e-01,8.985603893548710364e-02
2.844000000000000000e+03,8.116999999999999771e-01,9.060445403289447974e-02
2.845000000000000000e+03,8.104000000000000092e-01,9.130056764777598477e-02
2.846000000000000000e+03,8.091000000000000414e-01,9.199779882744633930e-02
2.847000000000000000e+03,8.076999999999999735e-01,9.274991711867158761e-02
2.848000000000000000e+03,8.064000000000000057e-01,9.344948089854993034e-02
2.849000000000000000e+03,8.061000000000000387e-01,9.361107884716908523e-02
2.850000000000000000e+03,8.057999999999999607e-01,9.377273694764103051e-02
2.851000000000000000e+03,8.054999999999999938e-01,9.393445524476315422e-02
2.852000000000000000e+03,8.052000000000000268e-01,9.409623378338308197e-02
2.853000000000000000e+03,8.048999999999999488e-01,9.425807260839857982e-02
2.854000000000000000e+03,8.045999999999999819e-01,9.441997176475747100e-02
2.855000000000000000e+03,8.042000000000000259e-01,9.463593123310769240e-02
2.856000000000000000e+03,8.038999999999999480e-01,9.479797133768139150e-02
2.857000000000000000e+03,8.030000000000000471e-01,9.528445472131903682e-02
2.858000000000000000e+03,8.021000000000000352e-01,9.577148365992152468e-02
2.859000000000000000e+03,8.007999999999999563e-01,9.647593552873780232e-02
2.860000000000000000e+03,7.995999999999999774e-01,9.712721455392067660e-02
2.861000000000000000e+03,7.975999999999999757e-01,9.821485469640070520e-02
2.862000000000000000e+03,7.956999999999999629e-01,9.925064193892048359e-02
2.863000000000000000e+03,7.944999999999999840e-01,9.990609845660165800e-02
2.864000000000000000e+03,7.933000000000000052e-01,1.005625457138224349e-01
2.865000000000000000e+03,7.923999999999999932e-01,1.010555331334905410e-01
2.866000000000000000e+03,7.915999999999999703e-01,1.014942144656413581e-01
2.867000000000000000e+03,7.915999999999999703e-01,1.014942144656413581e-01
2.868000000000000000e+03,7.915999999999999703e-01,1.014942144656413581e-01
2.869000000000000000e+03,7.915999999999999703e-01,1.014942144656413581e-01
2.870000000000000000e+03,7.915999999999999703e-01,1.014942144656413581e-01
2.871000000000000000e+03,7.915999999999999703e-01,1.014942144656413581e-01
2.872000000000000000e+03,7.915999999999999703e-01,1.014942144656413581e-01
2.873000000000000000e+03,7.923000000000000043e-01,1.011103440734135162e-01
2.874000000000000000e+03,7.930000000000000382e-01,1.007268126823961801e-01
2.875000000000000000e+03,7.940000000000000391e-01,1.001794975729037168e-01
2.876000000000000000e+03,7.951000000000000290e-01,9.957824654226238303e-02
2.877000000000000000e+03,7.972000000000000197e-01,9.843270997155000035e-02
2.878000000000000000e+03,7.993000000000000105e-01,9.729018703012291824e-02
2.879000000000000000e+03,8.016999999999999682e-01,9.598811640261178946e-02
2.880000000000000000e+03,8.041000000000000369e-01,9.468993788391448507e-02
2.881000000000000000e+03,8.041000000000000369e-01,9.468993788391448507e-02
2.882000000000000000e+03,8.042000000000000259e-01,9.463593123310769240e-02
2.883000000000000000e+03,8.041000000000000369e-01,9.468993788391448507e-02
2.884000000000000000e+03,8.040000000000000480e-01,9.474395125154870534e-02
2.885000000000000000e+03,8.034000000000000030e-01,9.506817260434739791e-02
2.886000000000000000e+03,8.028999999999999471e-01,9.533854208447552214e-02
2.887000000000000000e+03,8.023000000000000131e-01,9.566320779750497882e-02
2.888000000000000000e+03,8.017999999999999572e-01,9.593394808549719766e-02
2.889000000000000000e+03,8.012000000000000233e-01,9.625905937846136740e-02
2.890000000000000000e+03,8.006999999999999673e-01,9.653017149282991372e-02
2.891000000000000000e+03,8.000000000000000444e-01,9.691001300805639207e-02
2.892000000000000000e+03,7.993999999999999995e-01,9.723585607591392344e-02
2.893000000000000000e+03,7.986999999999999655e-01,9.761631556752854710e-02
2.894000000000000000e+03,7.981000000000000316e-01,9.794268919153338582e-02
2.895000000000000000e+03,7.974999999999999867e-01,9.826930827078127206e-02
2.896000000000000000e+03,7.969000000000000528e-01,9.859617317474816955e-02
2.897000000000000000e+03,7.963000000000000078e-01,9.892328427374513788e-02
2.898000000000000000e+03,7.957999999999999519e-01,9.919606518963053343e-02
2.899000000000000000e+03,7.956999999999999629e-01,9.925064193892048359e-02
2.900000000000000000e+03,7.955999999999999739e-01,9.930522554760205789e-02
2.901000000000000000e+03,7.954999999999999849e-01,9.935981601739968250e-02
2.902000000000000000e+03,7.953999999999999959e-01,9.941441335003846358e-02
2.903000000000000000e+03,7.952000000000000179e-01,9.952362861074309786e-02
2.904000000000000000e+03,7.951000000000000290e-01,9.957824654226238303e-02
2.905000000000000000e+03,7.953999999999999959e-01,9.941441335003846358e-02
2.906000000000000000e+03,7.956999999999999629e-01,9.925064193892048359e-02
2.907000000000000000e+03,7.961000000000000298e-01,9.903237608087571420e-02
2.908000000000000000e+03,7.964999999999999858e-01,9.881421986284970316e-02
2.909000000000000000e+03,7.967999999999999527e-01,9.865067458435770875e-02
2.910000000000000000e+03,7.972000000000000197e-01,9.843270997155000035e-02
2.911000000000000000e+03,7.974999999999999867e-01,9.826930827078127206e-02
2.912000000000000000e+03,7.979000000000000536e-01,9.805153492691597028e-02
2.913000000000000000e+03,7.982000000000000206e-01,9.788827655199554278e-02
2.914000000000000000e+03,7.985999999999999766e-01,9.767069414168125241e-02
2.915000000000000000e+03,7.986999999999999655e-01,9.761631556752854710e-02
2.916000000000000000e+03,7.987999999999999545e-01,9.756194380133506594e-02
2.917000000000000000e+03,7.987999999999999545e-01,9.756194380133506594e-02
2.918000000000000000e+03,7.987999999999999545e-01,9.756194380133506594e-02
2.919000000000000000e+03,7.984999999999999876e-01,9.772507952549827626e-02
2.920000000000000000e+03,7.983000000000000096e-01,9.783387072894872416e-02
2.921000000000000000e+03,7.981000000000000316e-01,9.794268919153338582e-02
2.922000000000000000e+03,7.979000000000000536e-01,9.805153492691597028e-02
2.923000000000000000e+03,7.965999999999999748e-01,9.875969792669081482e-02
2.924000000000000000e+03,7.953000000000000069e-01,9.946901754724413180e-02
2.925000000000000000e+03,7.937999999999999501e-01,1.002889054288554210e-01
2.926000000000000000e+03,7.923000000000000043e-01,1.011103440734135162e-01
2.927000000000000000e+03,7.897999999999999465e-01,1.024828705994746403e-01
2.928000000000000000e+03,7.872999999999999998e-01,1.038597485579804136e-01
2.929000000000000000e+03,7.845999999999999641e-01,1.053516962064829088e-01
2.930000000000000000e+03,7.820000000000000284e-01,1.067932469401519785e-01
2.931000000000000000e+03,7.760000000000000231e-01,1.101382787418115489e-01
2.932000000000000000e+03,7.700000000000000178e-01,1.135092748275181168e-01
2.933000000000000000e+03,7.652999999999999803e-01,1.161682866705475436e-01
2.934000000000000000e+03,7.606000000000000538e-01,1.188436789244363134e-01
2.935000000000000000e+03,7.552999999999999714e-01,1.218805153028325178e-01
2.936000000000000000e+03,7.500999999999999890e-01,1.248808345374318035e-01
2.937000000000000000e+03,7.391999999999999682e-01,1.312380417879497330e-01
2.938000000000000000e+03,7.282999999999999474e-01,1.376896900457296180e-01
2.939000000000000000e+03,7.223000000000000531e-01,1.412823851397083108e-01
2.940000000000000000e+03,7.163000000000000478e-01,1.449050488413781423e-01
2.941000000000000000e+03,7.157999999999999918e-01,1.452083059460144987e-01
2.942000000000000000e+03,7.133000000000000451e-01,1.467277759793167435e-01
2.943000000000000000e+03,7.149999999999999689e-01,1.456939581989193933e-01
2.944000000000000000e+03,7.146000000000000130e-01,1.459369881335788599e-01
2.945000000000000000e+03,7.178999999999999826e-01,1.439360466669002137e-01
2.946000000000000000e+03,7.211999999999999522e-01,1.419442819496356811e-01
2.947000000000000000e+03,7.281999999999999584e-01,1.377493254020750457e-01
2.948000000000000000e+03,7.352999999999999536e-01,1.335354340282596530e-01
2.949000000000000000e+03,7.439000000000000057e-01,1.284854412916180688e-01
2.950000000000000000e+03,7.524999999999999467e-01,1.234934957341190659e-01
2.951000000000000000e+03,7.627000000000000446e-01,1.176462536112860141e-01
2.952000000000000000e+03,7.730000000000000204e-01,1.118205060816750834e-01
2.953000000000000000e+03,7.728000000000000425e-01,1.119328865925630495e-01
2.954000000000000000e+03,7.752999999999999892e-01,1.105302160304925813e-01
2.955000000000000000e+03,7.723999999999999755e-01,1.121577348926429130e-01
2.956000000000000000e+03,7.721999999999999975e-01,1.122702027119696910e-01
2.957000000000000000e+03,7.705999999999999517e-01,1.131709953230179144e-01
2.958000000000000000e+03,7.691000000000000059e-01,1.140171886450268984e-01
2.959000000000000000e+03,7.631999999999999895e-01,1.173616383039613048e-01
2.960000000000000000e+03,7.572999999999999732e-01,1.207320431753872020e-01
2.961000000000000000e+03,7.447000000000000286e-01,1.280186461566306388e-01
2.962000000000000000e+03,7.320999999999999730e-01,1.354295931465697433e-01
2.963000000000000000e+03,7.207000000000000073e-01,1.422454779405577796e-01
2.964000000000000000e+03,7.094000000000000306e-01,1.491088158640760386e-01
2.965000000000000000e+03,7.086000000000000076e-01,1.495988520028415647e-01
2.966000000000000000e+03,7.028999999999999693e-01,1.531064566833748308e-01
2.967000000000000000e+03,7.116999999999999993e-01,1.477030341730745655e-01
2.968000000000000000e+03,7.156000000000000139e-01,1.453296681046646055e-01
2.969000000000000000e+03,7.198999999999999844e-01,1.427278264359586324e-01
2.970000000000000000e+03,7.241999999999999549e-01,1.401414795190071838e-01
2.971000000000000000e+03,7.267000000000000126e-01,1.386448398067399168e-01
2.972000000000000000e+03,7.291999999999999593e-01,1.371533400170613370e-01
2.973000000000000000e+03,7.316000000000000281e-01,1.357263031956207344e-01
2.974000000000000000e+03,7.339999999999999858e-01,1.343039400839294850e-01
2.975000000000000000e+03,7.357000000000000206e-01,1.332992439575009236e-01
2.976000000000000000e+03,7.374000000000000554e-01,1.322968667299022627e-01
2.977000000000000000e+03,7.397000000000000242e-01,1.309443812980920496e-01
2.978000000000000000e+03,7.419999999999999929e-01,1.295960947209729430e-01
2.979000000000000000e+03,7.557000000000000384e-01,1.216505777822245032e-01
2.980000000000000000e+03,7.693999999999999728e-01,1.138478180292033237e-01
2.981000000000000000e+03,7.801000000000000156e-01,1.078497220986359278e-01
2.982000000000000000e+03,7.907999999999999474e-01,1.019333393583653352e-01
2.983000000000000000e+03,7.913000000000000034e-01,1.016588342724907418e-01
2.984000000000000000e+03,7.919000000000000483e-01,1.013296570344701386e-01
2.985000000000000000e+03,7.923999999999999932e-01,1.010555331334905410e-01
2.986000000000000000e+03,7.930000000000000382e-01,1.007268126823961801e-01
2.987000000000000000e+03,7.934999999999999831e-01,1.004530689091330115e-01
2.988000000000000000e+03,7.940000000000000391e-01,1.001794975729037168e-01
2.989000000000000000e+03,7.944999999999999840e-01,9.990609845660165800e-02
2.990000000000000000e+03,7.951000000000000290e-01,9.957824654226238303e-02
2.991000000000000000e+03,7.955999999999999739e-01,9.930522554760205789e-02
2.992000000000000000e+03,7.962000000000000188e-01,9.897782675192084989e-02
2.993000000000000000e+03,7.966999999999999638e-01,9.870518283443280305e-02
2.994000000000000000e+03,7.972000000000000197e-01,9.843270997155000035e-02
2.995000000000000000e+03,7.976999999999999647e-01,9.816040794877053943e-02
2.996000000000000000e+03,7.983000000000000096e-01,9.783387072894872416e-02
2.997000000000000000e+03,7.987999999999999545e-01,9.756194380133506594e-02
2.998000000000000000e+03,7.993000000000000105e-01,9.729018703012291824e-02
2.999000000000000000e+03,7.997999999999999554e-01,9.701860020249718219e-02
3.000000000000000000e+03,8.004000000000000004e-01,9.669292003582620476e-02
3.001000000000000000e+03,8.008999999999999453e-01,9.642170633694563397e-02
3.002000000000000000e+03,8.014999999999999902e-01,9.609647330983638047e-02
3.003000000000000000e+03,8.020000000000000462e-01,9.582563171583646788e-02
3.004000000000000000e+03,8.024999999999999911e-01,9.555495892309032180e-02
3.005000000000000000e+03,8.030000000000000471e-01,9.528445472131903682e-02
3.006000000000000000e+03,8.035999999999999810e-01,9.496007192378846939e-02
3.007000000000000000e+03,8.041000000000000369e-01,9.468993788391448507e-02
3.008000000000000000e+03,8.046999999999999709e-01,9.436599867304526490e-02
3.009000000000000000e+03,8.052000000000000268e-01,9.409623378338308197e-02
3.010000000000000000e+03,8.056999999999999718e-01,9.382663635595138441e-02
3.011000000000000000e+03,8.062000000000000277e-01,9.355720618296761715e-02
3.012000000000000000e+03,8.067999999999999616e-01,9.323411045927219865e-02
3.013000000000000000e+03,8.073000000000000176e-01,9.296504751658303534e-02
3.014000000000000000e+03,8.078999999999999515e-01,9.264239186882715360e-02
3.015000000000000000e+03,8.084000000000000075e-01,9.237369515673361786e-02
3.016000000000000000e+03,8.088999999999999524e-01,9.210516458371713344e-02
3.017000000000000000e+03,8.094000000000000083e-01,9.183679994445211048e-02
3.018000000000000000e+03,8.100000000000000533e-01,9.151498112135021679e-02
3.019000000000000000e+03,8.104999999999999982e-01,9.124698081546625539e-02
3.020000000000000000e+03,8.110000000000000542e-01,9.097914578884394587e-02
3.021000000000000000e+03,8.114999999999999991e-01,9.071147583774932799e-02
3.022000000000000000e+03,8.121000000000000441e-01,9.039048950983112618e-02
3.023000000000000000e+03,8.125999999999999890e-01,9.012318200960720005e-02
3.024000000000000000e+03,8.132000000000000339e-01,8.980263003399899246e-02
3.025000000000000000e+03,8.136999999999999789e-01,8.953568400438638442e-02
3.026000000000000000e+03,8.142000000000000348e-01,8.926890195661928151e-02
3.027000000000000000e+03,8.146999999999999797e-01,8.900228368935719780e-02
3.028000000000000000e+03,8.153000000000000247e-01,8.868255767596944228e-02
3.029000000000000000e+03,8.157999999999999696e-01,8.841629901892424093e-02
3.030000000000000000e+03,8.164000000000000146e-01,8.809700395596709033e-02
3.031000000000000000e+03,8.168999999999999595e-01,8.783110394037302315e-02
3.032000000000000000e+03,8.174000000000000155e-01,8.756536662442532259e-02
3.033000000000000000e+03,8.178999999999999604e-01,8.729979180913965964e-02
3.034000000000000000e+03,8.185000000000000053e-01,8.698131625203975315e-02
3.035000000000000000e+03,8.189999999999999503e-01,8.671609823958155439e-02
3.036000000000000000e+03,8.195999999999999952e-01,8.639805027084261624e-02
3.037000000000000000e+03,8.201000000000000512e-01,8.613318810376070778e-02
3.038000000000000000e+03,8.205999999999999961e-01,8.586848736910615565e-02
3.039000000000000000e+03,8.211000000000000520e-01,8.560394787021390062e-02
3.040000000000000000e+03,8.216999999999999860e-01,8.528671302637619300e-02
3.041000000000000000e+03,8.222000000000000419e-01,8.502252755566902520e-02
3.042000000000000000e+03,8.226999999999999869e-01,8.475850269380560964e-02
3.043000000000000000e+03,8.232000000000000428e-01,8.449463824562346292e-02
3.044000000000000000e+03,8.237999999999999767e-01,8.417821237960126934e-02
3.045000000000000000e+03,8.243000000000000327e-01,8.391470015629726165e-02
3.046000000000000000e+03,8.248999999999999666e-01,8.359869639612439729e-02
3.047000000000000000e+03,8.254000000000000226e-01,8.333553545860282463e-02
3.048000000000000000e+03,8.258999999999999675e-01,8.307253388700731878e-02
3.049000000000000000e+03,8.264000000000000234e-01,8.280969148843582428e-02
3.050000000000000000e+03,8.269999999999999574e-01,8.249449044745335580e-02
3.051000000000000000e+03,8.275000000000000133e-01,8.223199755224364083e-02
3.052000000000000000e+03,8.280999999999999472e-01,8.191721535781282260e-02
3.053000000000000000e+03,8.286000000000000032e-01,8.165507103772508268e-02
3.054000000000000000e+03,8.290999999999999481e-01,8.139308485501810242e-02
3.055000000000000000e+03,8.296000000000000041e-01,8.113125661901544883e-02
3.056000000000000000e+03,8.302000000000000490e-01,8.081727095749934031e-02
3.057000000000000000e+03,8.306999999999999940e-01,8.055578953476306980e-02
3.058000000000000000e+03,8.313000000000000389e-01,8.024221949810581012e-02
3.059000000000000000e+03,8.317999999999999838e-01,7.998108397108519285e-02
3.060000000000000000e+03,8.323000000000000398e-01,7.972010536705156913e-02
3.061000000000000000e+03,8.327999999999999847e-01,7.945928349752026665e-02
3.062000000000000000e+03,8.334000000000000297e-01,7.914650387874078152e-02
3.063000000000000000e+03,8.349999999999999645e-01,7.831352451639793377e-02
3.064000000000000000e+03,8.366999999999999993e-01,7.743023101428769817e-02
3.065000000000000000e+03,8.380999999999999561e-01,7.670415934449607842e-02
3.066000000000000000e+03,8.395000000000000240e-01,7.597929952593240888e-02
3.067000000000000000e+03,8.406000000000000139e-01,7.541061433058175723e-02
3.068000000000000000e+03,8.417000000000000037e-01,7.484267282410148048e-02
3.069000000000000000e+03,8.426000000000000156e-01,7.437854520917101808e-02
3.070000000000000000e+03,8.436000000000000165e-01,7.386342893255121167e-02
3.071000000000000000e+03,8.445000000000000284e-01,7.340034609297250989e-02
3.072000000000000000e+03,8.454000000000000403e-01,7.293775650699992064e-02
3.073000000000000000e+03,8.463000000000000522e-01,7.247565912497125340e-02
3.074000000000000000e+03,8.473000000000000531e-01,7.196279359311698320e-02
3.075000000000000000e+03,8.479999999999999760e-01,7.160414774328618948e-02
3.076000000000000000e+03,8.487999999999999989e-01,7.119462910671574274e-02
3.077000000000000000e+03,8.495000000000000329e-01,7.083661679493556684e-02
3.078000000000000000e+03,8.501999999999999558e-01,7.047889936889598084e-02
3.079000000000000000e+03,8.508000000000000007e-01,7.017251876930863386e-02
3.080000000000000000e+03,8.515000000000000346e-01,6.981534770138014823e-02
3.081000000000000000e+03,8.520999999999999686e-01,6.950943469373041528e-02
3.082000000000000000e+03,8.527000000000000135e-01,6.920373701669978173e-02
3.083000000000000000e+03,8.531999999999999584e-01,6.894915322260888879e-02
3.084000000000000000e+03,8.538000000000000034e-01,6.864384953207203210e-02
3.085000000000000000e+03,8.544000000000000483e-01,6.833876031551877617e-02
3.086000000000000000e+03,8.549999999999999822e-01,6.803388527182736845e-02
3.087000000000000000e+03,8.555000000000000382e-01,6.777998612288090030e-02
3.088000000000000000e+03,8.559999999999999831e-01,6.752623532284678098e-02
3.089000000000000000e+03,8.564000000000000501e-01,6.732334137759925230e-02
3.090000000000000000e+03,8.568999999999999950e-01,6.706985716921050333e-02
3.091000000000000000e+03,8.572999999999999510e-01,6.686717627326574376e-02
3.092000000000000000e+03,8.578000000000000069e-01,6.661395809694560521e-02
3.093000000000000000e+03,8.581999999999999629e-01,6.641148980334694862e-02
3.094000000000000000e+03,8.587000000000000188e-01,6.615853710127875265e-02
3.095000000000000000e+03,8.590999999999999748e-01,6.595628096447464506e-02
3.096000000000000000e+03,8.596000000000000307e-01,6.570359318059428022e-02
3.097000000000000000e+03,8.600999999999999757e-01,6.545105233385307975e-02
3.098000000000000000e+03,8.606000000000000316e-01,6.519865825346328470e-02
3.099000000000000000e+03,8.609999999999999876e-01,6.499684854634524278e-02
3.100000000000000000e+03,8.615000000000000435e-01,6.474471821595267906e-02
3.101000000000000000e+03,8.618999999999999995e-01,6.454311928839009949e-02
3.102000000000000000e+03,8.624000000000000554e-01,6.429125215733648424e-02
3.103000000000000000e+03,8.628000000000000114e-01,6.408986356949256114e-02
3.104000000000000000e+03,8.632999999999999563e-01,6.383825908884238620e-02
3.105000000000000000e+03,8.636000000000000343e-01,6.368736633780680556e-02
3.106000000000000000e+03,8.639000000000000012e-01,6.353652599525314026e-02
3.107000000000000000e+03,8.640999999999999792e-01,6.343599486473405769e-02
3.108000000000000000e+03,8.642999999999999572e-01,6.333548699992462561e-02
3.109000000000000000e+03,8.643999999999999462e-01,6.328524178879629813e-02
3.110000000000000000e+03,8.646000000000000352e-01,6.318476880236705007e-02
3.111000000000000000e+03,8.648000000000000131e-01,6.308431905474606860e-02
3.112000000000000000e+03,8.660999999999999810e-01,6.243196139961708357e-02
3.113000000000000000e+03,8.650999999999999801e-01,6.293368798257184538e-02
3.114000000000000000e+03,8.652999999999999581e-01,6.283329628496735209e-02
3.115000000000000000e+03,8.650999999999999801e-01,6.293368798257184538e-02
3.116000000000000000e+03,8.649000000000000021e-01,6.303410289212976747e-02
3.117000000000000000e+03,8.647000000000000242e-01,6.313454102437741911e-02
3.118000000000000000e+03,8.646000000000000352e-01,6.318476880236705007e-02
3.119000000000000000e+03,8.643999999999999462e-01,6.328524178879629813e-02
3.120000000000000000e+03,8.641999999999999682e-01,6.338573802478869590e-02
3.121000000000000000e+03,8.639000000000000012e-01,6.353652599525314026e-02
3.122000000000000000e+03,8.637000000000000233e-01,6.363708040225554696e-02
3.123000000000000000e+03,8.633999999999999453e-01,6.378795567975119318e-02
3.124000000000000000e+03,8.630999999999999783e-01,6.393888339001153887e-02
3.125000000000000000e+03,8.627000000000000224e-01,6.414020196211955849e-02
3.126000000000000000e+03,8.624000000000000554e-01,6.429125215733648424e-02
3.127000000000000000e+03,8.620999999999999774e-01,6.444235490698604907e-02
3.128000000000000000e+03,8.618000000000000105e-01,6.459351024765104532e-02
3.129000000000000000e+03,8.614000000000000545e-01,6.479513257341869281e-02
3.130000000000000000e+03,8.610999999999999766e-01,6.494641076893495346e-02
3.131000000000000000e+03,8.606000000000000316e-01,6.519865825346328470e-02
3.132000000000000000e+03,8.601999999999999647e-01,6.540056178192697744e-02
3.133000000000000000e+03,8.597000000000000197e-01,6.565307326174441016e-02
3.134000000000000000e+03,8.591999999999999638e-01,6.590573164451962729e-02
3.135000000000000000e+03,8.587000000000000188e-01,6.615853710127875265e-02
3.136000000000000000e+03,8.582999999999999519e-01,6.636088747507494501e-02
3.137000000000000000e+03,8.578000000000000069e-01,6.661395809694560521e-02
3.138000000000000000e+03,8.574000000000000510e-01,6.681652082538611093e-02
3.139000000000000000e+03,8.568000000000000060e-01,6.712054217620078145e-02
3.140000000000000000e+03,8.561999999999999611e-01,6.742477650170942971e-02
3.141000000000000000e+03,8.555000000000000382e-01,6.777998612288090030e-02
3.142000000000000000e+03,8.548999999999999932e-01,6.808468291875389988e-02
3.143000000000000000e+03,8.541999999999999593e-01,6.844043290919477052e-02
3.144000000000000000e+03,8.535000000000000364e-01,6.879647454924756045e-02
3.145000000000000000e+03,8.528000000000000025e-01,6.915280831750295065e-02
3.146000000000000000e+03,8.520999999999999686e-01,6.950943469373041528e-02
3.147000000000000000e+03,8.510999999999999677e-01,7.001940948448528990e-02
3.148000000000000000e+03,8.501999999999999558e-01,7.047889936889598084e-02
3.149000000000000000e+03,8.488999999999999879e-01,7.114346641808931559e-02
3.150000000000000000e+03,8.477000000000000091e-01,7.175781684269091909e-02
3.151000000000000000e+03,8.464000000000000412e-01,7.242434530888944288e-02
3.152000000000000000e+03,8.451999999999999513e-01,7.304051161972426043e-02
3.153000000000000000e+03,8.440999999999999615e-01,7.360609973031780051e-02
3.154000000000000000e+03,8.429999999999999716e-01,7.417242537525768620e-02
3.155000000000000000e+03,8.420999999999999597e-01,7.463633264589844551e-02
3.156000000000000000e+03,8.411999999999999478e-01,7.510073598571653797e-02
3.157000000000000000e+03,8.407999999999999918e-01,7.530729697981419779e-02
3.158000000000000000e+03,8.405000000000000249e-01,7.546228222451019374e-02
3.159000000000000000e+03,8.408999999999999808e-01,7.525564752005145519e-02
3.160000000000000000e+03,8.413000000000000478e-01,7.504911108438934442e-02
3.161000000000000000e+03,8.416000000000000147e-01,7.489427319033614694e-02
3.162000000000000000e+03,8.419999999999999707e-01,7.468790850035050832e-02
3.163000000000000000e+03,8.423000000000000487e-01,7.453319930846211139e-02
3.164000000000000000e+03,8.426000000000000156e-01,7.437854520917101808e-02
3.165000000000000000e+03,8.427999999999999936e-01,7.427547306393741944e-02
3.166000000000000000e+03,8.430999999999999606e-01,7.412091069849920111e-02
3.167000000000000000e+03,8.431999999999999496e-01,7.406940213152864161e-02
3.168000000000000000e+03,8.434000000000000385e-01,7.396640332115532457e-02
3.169000000000000000e+03,8.434000000000000385e-01,7.396640332115532457e-02
3.170000000000000000e+03,8.435000000000000275e-01,7.391491307485596740e-02
3.171000000000000000e+03,8.431999999999999496e-01,7.406940213152864161e-02
3.172000000000000000e+03,8.428999999999999826e-01,7.422394616325371508e-02
3.173000000000000000e+03,8.420999999999999597e-01,7.463633264589844551e-02
3.174000000000000000e+03,8.414000000000000368e-01,7.499749231902243241e-02
3.175000000000000000e+03,8.380999999999999561e-01,7.670415934449607842e-02
3.176000000000000000e+03,8.347999999999999865e-01,7.841755960658358671e-02
3.177000000000000000e+03,8.312000000000000499e-01,8.029446545087898235e-02
3.178000000000000000e+03,8.276999999999999913e-01,8.212704480115209926e-02
3.179000000000000000e+03,8.245000000000000107e-01,8.380934001946241385e-02
3.180000000000000000e+03,8.214000000000000190e-01,8.544530148236637035e-02
3.181000000000000000e+03,8.191000000000000503e-01,8.666307406737677743e-02
3.182000000000000000e+03,8.167999999999999705e-01,8.788427092114618755e-02
3.183000000000000000e+03,8.157999999999999696e-01,8.841629901892424093e-02
3.184000000000000000e+03,8.147999999999999687e-01,8.894897967187351262e-02
3.185000000000000000e+03,8.145999999999999908e-01,8.905559425002111673e-02
3.186000000000000000e+03,8.165000000000000036e-01,8.804381092731303204e-02
3.187000000000000000e+03,8.145000000000000018e-01,8.910891135547180375e-02
3.188000000000000000e+03,8.145000000000000018e-01,8.910891135547180375e-02
3.189000000000000000e+03,8.266999999999999904e-01,8.265206237222837149e-02
3.190000000000000000e+03,8.389999999999999680e-01,7.623803917129974572e-02
3.191000000000000000e+03,8.463000000000000522e-01,7.247565912497125340e-02
3.192000000000000000e+03,8.536000000000000254e-01,6.874559358358650618e-02
3.193000000000000000e+03,8.577000000000000179e-01,6.666458992234870762e-02
3.194000000000000000e+03,8.618000000000000105e-01,6.459351024765104532e-02
3.195000000000000000e+03,8.645000000000000462e-01,6.323500239005860890e-02
3.196000000000000000e+03,8.672999999999999599e-01,6.183065360967972962e-02
3.197000000000000000e+03,8.679999999999999938e-01,6.148027482350810341e-02
3.198000000000000000e+03,8.688000000000000167e-01,6.108018775522826294e-02
3.199000000000000000e+03,8.687000000000000277e-01,6.113017848701332579e-02
3.200000000000000000e+03,8.687000000000000277e-01,6.113017848701332579e-02
3.201000000000000000e+03,8.686000000000000387e-01,6.118017497378968467e-02
3.202000000000000000e+03,8.686000000000000387e-01,6.118017497378968467e-02
3.203000000000000000e+03,8.683999999999999497e-01,6.128018521761758458e-02
3.204000000000000000e+03,8.682999999999999607e-01,6.133019897732083781e-02
3.205000000000000000e+03,8.677000000000000268e-01,6.163040254819367181e-02
3.206000000000000000e+03,8.670999999999999819e-01,6.193081377661427411e-02
3.207000000000000000e+03,8.665000000000000480e-01,6.223143295006416942e-02
3.208000000000000000e+03,8.659000000000000030e-01,6.253226035662251547e-02
3.209000000000000000e+03,8.650999999999999801e-01,6.293368798257184538e-02
3.210000000000000000e+03,8.642999999999999572e-01,6.333548699992462561e-02
3.211000000000000000e+03,8.638000000000000123e-01,6.358680028852028987e-02
3.212000000000000000e+03,8.632999999999999563e-01,6.383825908884238620e-02
3.213000000000000000e+03,8.629000000000000004e-01,6.403953101083353916e-02
3.214000000000000000e+03,8.626000000000000334e-01,6.419054619006710205e-02
3.215000000000000000e+03,8.626000000000000334e-01,6.419054619006710205e-02
3.216000000000000000e+03,8.626000000000000334e-01,6.419054619006710205e-02
3.217000000000000000e+03,8.629999999999999893e-01,6.398920428479040745e-02
3.218000000000000000e+03,8.633999999999999453e-01,6.378795567975119318e-02
3.219000000000000000e+03,8.639000000000000012e-01,6.353652599525314026e-02
3.220000000000000000e+03,8.645000000000000462e-01,6.323500239005860890e-02
3.221000000000000000e+03,8.650999999999999801e-01,6.293368798257184538e-02
3.222000000000000000e+03,8.658000000000000140e-01,6.258241852286215712e-02
3.223000000000000000e+03,8.663999999999999480e-01,6.228155638273608075e-02
3.224000000000000000e+03,8.669999999999999929e-01,6.198090252378971043e-02
3.225000000000000000e+03,8.675000000000000488e-01,6.173051653708865050e-02
3.226000000000000000e+03,8.680999999999999828e-01,6.143024377893883947e-02
3.227000000000000000e+03,8.686000000000000387e-01,6.118017497378968467e-02
3.228000000000000000e+03,8.691999999999999726e-01,6.088028235151308337e-02
3.229000000000000000e+03,8.697000000000000286e-01,6.063052992534010560e-02
3.230000000000000000e+03,8.702999999999999625e-01,6.033101647767347142e-02
3.231000000000000000e+03,8.708000000000000185e-01,6.008157963094326592e-02
3.232000000000000000e+03,8.713999999999999524e-01,5.978244440026492246e-02
3.233000000000000000e+03,8.719000000000000083e-01,5.953332233647105204e-02
3.234000000000000000e+03,8.723999999999999533e-01,5.928434309333736191e-02
3.235000000000000000e+03,8.727000000000000313e-01,5.913502403327836054e-02
3.236000000000000000e+03,8.729999999999999982e-01,5.898575629443027213e-02
3.237000000000000000e+03,8.732999999999999652e-01,5.883653984152679983e-02
3.238000000000000000e+03,8.736000000000000432e-01,5.868737463933796500e-02
3.239000000000000000e+03,8.739000000000000101e-01,5.853826065267025980e-02
3.240000000000000000e+03,8.741999999999999771e-01,5.838919784636623783e-02
3.241000000000000000e+03,8.743999999999999551e-01,5.828985105835364500e-02
3.242000000000000000e+03,8.747000000000000330e-01,5.814087347462645189e-02
3.243000000000000000e+03,8.749000000000000110e-01,5.804158346918637801e-02
3.244000000000000000e+03,8.750999999999999890e-01,5.794231615860489376e-02
3.245000000000000000e+03,8.751999999999999780e-01,5.789269101064445366e-02
3.246000000000000000e+03,8.753999999999999559e-01,5.779345772290477717e-02
3.247000000000000000e+03,8.754999999999999449e-01,5.774384958053509209e-02
3.248000000000000000e+03,8.757000000000000339e-01,5.764465029232319904e-02
3.249000000000000000e+03,8.757000000000000339e-01,5.764465029232319904e-02
3.250000000000000000e+03,8.758000000000000229e-01,5.759505914389326936e-02
3.251000000000000000e+03,8.758000000000000229e-01,5.759505914389326936e-02
3.252000000000000000e+03,8.758000000000000229e-01,5.759505914389326936e-02
3.253000000000000000e+03,8.758000000000000229e-01,5.759505914389326936e-02
3.254000000000000000e+03,8.758000000000000229e-01,5.759505914389326936e-02
3.255000000000000000e+03,8.758000000000000229e-01,5.759505914389326936e-02
3.256000000000000000e+03,8.758000000000000229e-01,5.759505914389326936e-02
3.257000000000000000e+03,8.758000000000000229e-01,5.759505914389326936e-02
3.258000000000000000e+03,8.758000000000000229e-01,5.759505914389326936e-02
3.259000000000000000e+03,8.758000000000000229e-01,5.759505914389326936e-02
3.260000000000000000e+03,8.758000000000000229e-01,5.759505914389326936e-02
3.261000000000000000e+03,8.756000000000000449e-01,5.769424710410589463e-02
3.262000000000000000e+03,8.754999999999999449e-01,5.774384958053509209e-02
3.263000000000000000e+03,8.752999999999999670e-01,5.784307153250956707e-02
3.264000000000000000e+03,8.751999999999999780e-01,5.789269101064445366e-02
3.265000000000000000e+03,8.750000000000000000e-01,5.799194697768675355e-02
3.266000000000000000e+03,8.748000000000000220e-01,5.809122563440053538e-02
3.267000000000000000e+03,8.746000000000000441e-01,5.819052699116178395e-02
3.268000000000000000e+03,8.745000000000000551e-01,5.824018618530464597e-02
3.269000000000000000e+03,8.742999999999999661e-01,5.833952161160767258e-02
3.270000000000000000e+03,8.740999999999999881e-01,5.843887976392921763e-02
3.271000000000000000e+03,8.738000000000000211e-01,5.858795962645033106e-02
3.272000000000000000e+03,8.735000000000000542e-01,5.873709068105022885e-02
3.273000000000000000e+03,8.731999999999999762e-01,5.888627296289843105e-02
3.274000000000000000e+03,8.729000000000000092e-01,5.903550650720055387e-02
3.275000000000000000e+03,8.728000000000000203e-01,5.908526241971452653e-02
3.276000000000000000e+03,8.728000000000000203e-01,5.908526241971452653e-02
3.277000000000000000e+03,8.728000000000000203e-01,5.908526241971452653e-02
3.278000000000000000e+03,8.729000000000000092e-01,5.903550650720055387e-02
3.279000000000000000e+03,8.729000000000000092e-01,5.903550650720055387e-02
3.280000000000000000e+03,8.729999999999999982e-01,5.898575629443027213e-02
3.281000000000000000e+03,8.729999999999999982e-01,5.898575629443027213e-02
3.282000000000000000e+03,8.730999999999999872e-01,5.893601178009798963e-02
3.283000000000000000e+03,8.732999999999999652e-01,5.883653984152679983e-02
3.284000000000000000e+03,8.736000000000000432e-01,5.868737463933796500e-02
3.285000000000000000e+03,8.738000000000000211e-01,5.858795962645033106e-02
3.286000000000000000e+03,8.740999999999999881e-01,5.843887976392921763e-02
3.287000000000000000e+03,8.742999999999999661e-01,5.833952161160767258e-02
3.288000000000000000e+03,8.745000000000000551e-01,5.824018618530464597e-02
3.289000000000000000e+03,8.747000000000000330e-01,5.814087347462645189e-02
3.290000000000000000e+03,8.750000000000000000e-01,5.799194697768675355e-02
3.291000000000000000e+03,8.751999999999999780e-01,5.789269101064445366e-02
3.292000000000000000e+03,8.754999999999999449e-01,5.774384958053509209e-02
3.293000000000000000e+03,8.756000000000000449e-01,5.769424710410589463e-02
3.294000000000000000e+03,8.758000000000000229e-01,5.759505914389326936e-02
3.295000000000000000e+03,8.759000000000000119e-01,5.754547365752289007e-02
3.296000000000000000e+03,8.760999999999999899e-01,5.744631966579007848e-02
3.297000000000000000e+03,8.762999999999999678e-01,5.734718830678783852e-02
3.298000000000000000e+03,8.764999999999999458e-01,5.724807957018628740e-02
3.299000000000000000e+03,8.766000000000000458e-01,5.719853368205957828e-02
3.300000000000000000e+03,8.768000000000000238e-01,5.709945885970604817e-02
3.301000000000000000e+03,8.769000000000000128e-01,5.704992992290112974e-02
3.302000000000000000e+03,8.770999999999999908e-01,5.695088899159317375e-02
3.303000000000000000e+03,8.771999999999999797e-01,5.690137699451472408e-02
3.304000000000000000e+03,8.773999999999999577e-01,5.680236993107368876e-02
3.305000000000000000e+03,8.773999999999999577e-01,5.680236993107368876e-02
3.306000000000000000e+03,8.774999999999999467e-01,5.675287486213833471e-02
3.307000000000000000e+03,8.774999999999999467e-01,5.675287486213833471e-02
3.308000000000000000e+03,8.776000000000000467e-01,5.670338543334525749e-02
3.309000000000000000e+03,8.776000000000000467e-01,5.670338543334525749e-02
3.310000000000000000e+03,8.777000000000000357e-01,5.665390164340929069e-02
3.311000000000000000e+03,8.777000000000000357e-01,5.665390164340929069e-02
3.312000000000000000e+03,8.777000000000000357e-01,5.665390164340929069e-02
3.313000000000000000e+03,8.776000000000000467e-01,5.670338543334525749e-02
3.314000000000000000e+03,8.774999999999999467e-01,5.675287486213833471e-02
3.315000000000000000e+03,8.772999999999999687e-01,5.685187064143710362e-02
3.316000000000000000e+03,8.771999999999999797e-01,5.690137699451472408e-02
3.317000000000000000e+03,8.770999999999999908e-01,5.695088899159317375e-02
3.318000000000000000e+03,8.770000000000000018e-01,5.700040663395947865e-02
3.319000000000000000e+03,8.769000000000000128e-01,5.704992992290112974e-02
3.320000000000000000e+03,8.768000000000000238e-01,5.709945885970604817e-02
3.321000000000000000e+03,8.767000000000000348e-01,5.714899344566259226e-02
3.322000000000000000e+03,8.767000000000000348e-01,5.714899344566259226e-02
3.323000000000000000e+03,8.766000000000000458e-01,5.719853368205957828e-02
3.324000000000000000e+03,8.766000000000000458e-01,5.719853368205957828e-02
3.325000000000000000e+03,8.764999999999999458e-01,5.724807957018628740e-02
3.326000000000000000e+03,8.764999999999999458e-01,5.724807957018628740e-02
3.327000000000000000e+03,8.763999999999999568e-01,5.729763111133231307e-02
3.328000000000000000e+03,8.762999999999999678e-01,5.734718830678783852e-02
3.329000000000000000e+03,8.761999999999999789e-01,5.739675115784342169e-02
3.330000000000000000e+03,8.761999999999999789e-01,5.739675115784342169e-02
3.331000000000000000e+03,8.761999999999999789e-01,5.739675115784342169e-02
3.332000000000000000e+03,8.761999999999999789e-01,5.739675115784342169e-02
3.333000000000000000e+03,8.761999999999999789e-01,5.739675115784342169e-02
3.334000000000000000e+03,8.762999999999999678e-01,5.734718830678783852e-02
3.335000000000000000e+03,8.762999999999999678e-01,5.734718830678783852e-02
3.336000000000000000e+03,8.763999999999999568e-01,5.729763111133231307e-02
3.337000000000000000e+03,8.763999999999999568e-01,5.729763111133231307e-02
3.338000000000000000e+03,8.763999999999999568e-01,5.729763111133231307e-02
3.339000000000000000e+03,8.763999999999999568e-01,5.729763111133231307e-02
3.340000000000000000e+03,8.764999999999999458e-01,5.724807957018628740e-02
3.341000000000000000e+03,8.764999999999999458e-01,5.724807957018628740e-02
3.342000000000000000e+03,8.766000000000000458e-01,5.719853368205957828e-02
3.343000000000000000e+03,8.767000000000000348e-01,5.714899344566259226e-02
3.344000000000000000e+03,8.768000000000000238e-01,5.709945885970604817e-02
3.345000000000000000e+03,8.769000000000000128e-01,5.704992992290112974e-02
3.346000000000000000e+03,8.770000000000000018e-01,5.700040663395947865e-02
3.347000000000000000e+03,8.770999999999999908e-01,5.695088899159317375e-02
3.348000000000000000e+03,8.772999999999999687e-01,5.685187064143710362e-02
3.349000000000000000e+03,8.773999999999999577e-01,5.680236993107368876e-02
3.350000000000000000e+03,8.774999999999999467e-01,5.675287486213833471e-02
3.351000000000000000e+03,8.776000000000000467e-01,5.670338543334525749e-02
3.352000000000000000e+03,8.778000000000000247e-01,5.660442349104552462e-02
3.353000000000000000e+03,8.779000000000000137e-01,5.655495097496955614e-02
3.354000000000000000e+03,8.780000000000000027e-01,5.650548409389743315e-02
3.355000000000000000e+03,8.781999999999999806e-01,5.640656723163101766e-02
3.356000000000000000e+03,8.783999999999999586e-01,5.630767289398332792e-02
3.357000000000000000e+03,8.786000000000000476e-01,5.620880107069836651e-02
3.358000000000000000e+03,8.789000000000000146e-01,5.606053552778356153e-02
3.359000000000000000e+03,8.790999999999999925e-01,5.596171994558177265e-02
3.360000000000000000e+03,8.793999999999999595e-01,5.581353871631257457e-02
3.361000000000000000e+03,8.796000000000000485e-01,5.571477931124720756e-02
3.362000000000000000e+03,8.799000000000000155e-01,5.556668229978541790e-02
3.363000000000000000e+03,8.801999999999999824e-01,5.541863577307369615e-02
3.364000000000000000e+03,8.804999999999999494e-01,5.527063969670430871e-02
3.365000000000000000e+03,8.802999999999999714e-01,5.536929814372177489e-02
3.366000000000000000e+03,8.801999999999999824e-01,5.541863577307369615e-02
3.367000000000000000e+03,8.800999999999999934e-01,5.546797900801891945e-02
3.368000000000000000e+03,8.800000000000000044e-01,5.551732784983137020e-02
3.369000000000000000e+03,8.799000000000000155e-01,5.556668229978541790e-02
3.370000000000000000e+03,8.798000000000000265e-01,5.561604235915584143e-02
3.371000000000000000e+03,8.794999999999999485e-01,5.576415620651995614e-02
3.372000000000000000e+03,8.791999999999999815e-01,5.591232058456585552e-02
3.373000000000000000e+03,8.788000000000000256e-01,5.610995175152728998e-02
3.374000000000000000e+03,8.784999999999999476e-01,5.625823416868624971e-02
3.375000000000000000e+03,8.780999999999999917e-01,5.645602284654561293e-02
3.376000000000000000e+03,8.777000000000000357e-01,5.665390164340929069e-02
3.377000000000000000e+03,8.772999999999999687e-01,5.685187064143710362e-02
3.378000000000000000e+03,8.770000000000000018e-01,5.700040663395947865e-02
3.379000000000000000e+03,8.766000000000000458e-01,5.719853368205957828e-02
3.380000000000000000e+03,8.761999999999999789e-01,5.739675115784342169e-02
3.381000000000000000e+03,8.758000000000000229e-01,5.759505914389326936e-02
3.382000000000000000e+03,8.753999999999999559e-01,5.779345772290477717e-02
3.383000000000000000e+03,8.750999999999999890e-01,5.794231615860489376e-02
3.384000000000000000e+03,8.749000000000000110e-01,5.804158346918637801e-02
3.385000000000000000e+03,8.746000000000000441e-01,5.819052699116178395e-02
3.386000000000000000e+03,8.742999999999999661e-01,5.833952161160767258e-02
3.387000000000000000e+03,8.739999999999999991e-01,5.848856736559696762e-02
3.388000000000000000e+03,8.737000000000000322e-01,5.863766428823885546e-02
3.389000000000000000e+03,8.737000000000000322e-01,5.863766428823885546e-02
3.390000000000000000e+03,8.737000000000000322e-01,5.863766428823885546e-02
3.391000000000000000e+03,8.738000000000000211e-01,5.858795962645033106e-02
3.392000000000000000e+03,8.739000000000000101e-01,5.853826065267025980e-02
3.393000000000000000e+03,8.739999999999999991e-01,5.848856736559696762e-02
3.394000000000000000e+03,8.741999999999999771e-01,5.838919784636623783e-02
3.395000000000000000e+03,8.742999999999999661e-01,5.833952161160767258e-02
3.396000000000000000e+03,8.745000000000000551e-01,5.824018618530464597e-02
3.397000000000000000e+03,8.747000000000000330e-01,5.814087347462645189e-02
3.398000000000000000e+03,8.749000000000000110e-01,5.804158346918637801e-02
3.399000000000000000e+03,8.750999999999999890e-01,5.794231615860489376e-02
3.400000000000000000e+03,8.753999999999999559e-01,5.779345772290477717e-02
3.401000000000000000e+03,8.757000000000000339e-01,5.764465029232319904e-02
3.402000000000000000e+03,8.760000000000000009e-01,5.749589383191926889e-02
3.403000000000000000e+03,8.761999999999999789e-01,5.739675115784342169e-02
3.404000000000000000e+03,8.764999999999999458e-01,5.724807957018628740e-02
3.405000000000000000e+03,8.767000000000000348e-01,5.714899344566259226e-02
3.406000000000000000e+03,8.770000000000000018e-01,5.700040663395947865e-02
3.407000000000000000e+03,8.771999999999999797e-01,5.690137699451472408e-02
3.408000000000000000e+03,8.773999999999999577e-01,5.680236993107368876e-02
3.409000000000000000e+03,8.774999999999999467e-01,5.675287486213833471e-02
3.410000000000000000e+03,8.777000000000000357e-01,5.665390164340929069e-02
3.411000000000000000e+03,8.778000000000000247e-01,5.660442349104552462e-02
3.412000000000000000e+03,8.780000000000000027e-01,5.650548409389743315e-02
3.413000000000000000e+03,8.781999999999999806e-01,5.640656723163101766e-02
3.414000000000000000e+03,8.783999999999999586e-01,5.630767289398332792e-02
3.415000000000000000e+03,8.784999999999999476e-01,5.625823416868624971e-02
3.416000000000000000e+03,8.787000000000000366e-01,5.615937359873888340e-02
3.417000000000000000e+03,8.788000000000000256e-01,5.610995175152728998e-02
3.418000000000000000e+03,8.789000000000000146e-01,5.606053552778356153e-02
3.419000000000000000e+03,8.789000000000000146e-01,5.606053552778356153e-02
3.420000000000000000e+03,8.789000000000000146e-01,5.606053552778356153e-02
3.421000000000000000e+03,8.789000000000000146e-01,5.606053552778356153e-02
3.422000000000000000e+03,8.789000000000000146e-01,5.606053552778356153e-02
3.423000000000000000e+03,8.789000000000000146e-01,5.606053552778356153e-02
3.424000000000000000e+03,8.789000000000000146e-01,5.606053552778356153e-02
3.425000000000000000e+03,8.789000000000000146e-01,5.606053552778356153e-02
3.426000000000000000e+03,8.789000000000000146e-01,5.606053552778356153e-02
3.427000000000000000e+03,8.789000000000000146e-01,5.606053552778356153e-02
3.428000000000000000e+03,8.789000000000000146e-01,5.606053552778356153e-02
3.429000000000000000e+03,8.789000000000000146e-01,5.606053552778356153e-02
3.430000000000000000e+03,8.789000000000000146e-01,5.606053552778356153e-02
3.431000000000000000e+03,8.789000000000000146e-01,5.606053552778356153e-02
3.432000000000000000e+03,8.789000000000000146e-01,5.606053552778356153e-02
3.433000000000000000e+03,8.787000000000000366e-01,5.615937359873888340e-02
3.434000000000000000e+03,8.784999999999999476e-01,5.625823416868624971e-02
3.435000000000000000e+03,8.781999999999999806e-01,5.640656723163101766e-02
3.436000000000000000e+03,8.780000000000000027e-01,5.650548409389743315e-02
3.437000000000000000e+03,8.777000000000000357e-01,5.665390164340929069e-02
3.438000000000000000e+03,8.774999999999999467e-01,5.675287486213833471e-02
3.439000000000000000e+03,8.771999999999999797e-01,5.690137699451472408e-02
3.440000000000000000e+03,8.770000000000000018e-01,5.700040663395947865e-02
3.441000000000000000e+03,8.767000000000000348e-01,5.714899344566259226e-02
3.442000000000000000e+03,8.764999999999999458e-01,5.724807957018628740e-02
3.443000000000000000e+03,8.762999999999999678e-01,5.734718830678783852e-02
3.444000000000000000e+03,8.760999999999999899e-01,5.744631966579007848e-02
3.445000000000000000e+03,8.758000000000000229e-01,5.759505914389326936e-02
3.446000000000000000e+03,8.756000000000000449e-01,5.769424710410589463e-02
3.447000000000000000e+03,8.752999999999999670e-01,5.784307153250956707e-02
3.448000000000000000e+03,8.750999999999999890e-01,5.794231615860489376e-02
3.449000000000000000e+03,8.749000000000000110e-01,5.804158346918637801e-02
3.450000000000000000e+03,8.747000000000000330e-01,5.814087347462645189e-02
3.451000000000000000e+03,8.750000000000000000e-01,5.799194697768675355e-02
3.452000000000000000e+03,8.752999999999999670e-01,5.784307153250956707e-02
3.453000000000000000e+03,8.756000000000000449e-01,5.769424710410589463e-02
3.454000000000000000e+03,8.760000000000000009e-01,5.749589383191926889e-02
3.455000000000000000e+03,8.762999999999999678e-01,5.734718830678783852e-02
3.456000000000000000e+03,8.767000000000000348e-01,5.714899344566259226e-02
3.457000000000000000e+03,8.770999999999999908e-01,5.695088899159317375e-02
3.458000000000000000e+03,8.774999999999999467e-01,5.675287486213833471e-02
3.459000000000000000e+03,8.779000000000000137e-01,5.655495097496955614e-02
3.460000000000000000e+03,8.782999999999999696e-01,5.635711724787099280e-02
3.461000000000000000e+03,8.787000000000000366e-01,5.615937359873888340e-02
3.462000000000000000e+03,8.790999999999999925e-01,5.596171994558177265e-02
3.463000000000000000e+03,8.794999999999999485e-01,5.576415620651995614e-02
3.464000000000000000e+03,8.799000000000000155e-01,5.556668229978541790e-02
3.465000000000000000e+03,8.802999999999999714e-01,5.536929814372177489e-02
3.466000000000000000e+03,8.807000000000000384e-01,5.517200365678373575e-02
3.467000000000000000e+03,8.807000000000000384e-01,5.517200365678373575e-02
3.468000000000000000e+03,8.808000000000000274e-01,5.512269403630462583e-02
3.469000000000000000e+03,8.808000000000000274e-01,5.512269403630462583e-02
3.470000000000000000e+03,8.808000000000000274e-01,5.512269403630462583e-02
3.471000000000000000e+03,8.807000000000000384e-01,5.517200365678373575e-02
3.472000000000000000e+03,8.807000000000000384e-01,5.517200365678373575e-02
3.473000000000000000e+03,8.806000000000000494e-01,5.522131887649302240e-02
3.474000000000000000e+03,8.806000000000000494e-01,5.522131887649302240e-02
3.475000000000000000e+03,8.806000000000000494e-01,5.522131887649302240e-02
3.476000000000000000e+03,8.806000000000000494e-01,5.522131887649302240e-02
3.477000000000000000e+03,8.804999999999999494e-01,5.527063969670430871e-02
3.478000000000000000e+03,8.804999999999999494e-01,5.527063969670430871e-02
3.479000000000000000e+03,8.802999999999999714e-01,5.536929814372177489e-02
3.480000000000000000e+03,8.801999999999999824e-01,5.541863577307369615e-02
3.481000000000000000e+03,8.800000000000000044e-01,5.551732784983137020e-02
3.482000000000000000e+03,8.799000000000000155e-01,5.556668229978541790e-02
3.483000000000000000e+03,8.797000000000000375e-01,5.566540802921788461e-02
3.484000000000000000e+03,8.794999999999999485e-01,5.576415620651995614e-02
3.485000000000000000e+03,8.792999999999999705e-01,5.586292684190206914e-02
3.486000000000000000e+03,8.791999999999999815e-01,5.591232058456585552e-02
3.487000000000000000e+03,8.790000000000000036e-01,5.601112492622810357e-02
3.488000000000000000e+03,8.789000000000000146e-01,5.606053552778356153e-02
3.489000000000000000e+03,8.787000000000000366e-01,5.615937359873888340e-02
3.490000000000000000e+03,8.784999999999999476e-01,5.625823416868624971e-02
3.491000000000000000e+03,8.780000000000000027e-01,5.650548409389743315e-02
3.492000000000000000e+03,8.774999999999999467e-01,5.675287486213833471e-02
3.493000000000000000e+03,8.770000000000000018e-01,5.700040663395947865e-02
3.494000000000000000e+03,8.766000000000000458e-01,5.719853368205957828e-02
3.495000000000000000e+03,8.760999999999999899e-01,5.744631966579007848e-02
3.496000000000000000e+03,8.756000000000000449e-01,5.769424710410589463e-02
3.497000000000000000e+03,8.750999999999999890e-01,5.794231615860489376e-02
3.498000000000000000e+03,8.735000000000000542e-01,5.873709068105022885e-02
3.499000000000000000e+03,8.743999999999999551e-01,5.828985105835364500e-02
3.500000000000000000e+03,8.741999999999999771e-01,5.838919784636623783e-02
3.501000000000000000e+03,8.739999999999999991e-01,5.848856736559696762e-02
3.502000000000000000e+03,8.738000000000000211e-01,5.858795962645033106e-02
3.503000000000000000e+03,8.735000000000000542e-01,5.873709068105022885e-02
3.504000000000000000e+03,8.732999999999999652e-01,5.883653984152679983e-02
3.505000000000000000e+03,8.730999999999999872e-01,5.893601178009798963e-02
3.506000000000000000e+03,8.729000000000000092e-01,5.903550650720055387e-02
3.507000000000000000e+03,8.727000000000000313e-01,5.913502403327836054e-02
3.508000000000000000e+03,8.725000000000000533e-01,5.923456436878246634e-02
3.509000000000000000e+03,8.725000000000000533e-01,5.923456436878246634e-02
3.510000000000000000e+03,8.726000000000000423e-01,5.918479134919865658e-02
3.511000000000000000e+03,8.727000000000000313e-01,5.913502403327836054e-02
3.512000000000000000e+03,8.729000000000000092e-01,5.903550650720055387e-02
3.513000000000000000e+03,8.729999999999999982e-01,5.898575629443027213e-02
3.514000000000000000e+03,8.730999999999999872e-01,5.893601178009798963e-02
3.515000000000000000e+03,8.731999999999999762e-01,5.888627296289843105e-02
3.516000000000000000e+03,8.733999999999999542e-01,5.878681241467872270e-02
3.517000000000000000e+03,8.735000000000000542e-01,5.873709068105022885e-02
3.518000000000000000e+03,8.737000000000000322e-01,5.863766428823885546e-02
3.519000000000000000e+03,8.738000000000000211e-01,5.858795962645033106e-02
3.520000000000000000e+03,8.739999999999999991e-01,5.848856736559696762e-02
3.521000000000000000e+03,8.740999999999999881e-01,5.843887976392921763e-02
3.522000000000000000e+03,8.742999999999999661e-01,5.833952161160767258e-02
3.523000000000000000e+03,8.742999999999999661e-01,5.833952161160767258e-02
3.524000000000000000e+03,8.742999999999999661e-01,5.833952161160767258e-02
3.525000000000000000e+03,8.742999999999999661e-01,5.833952161160767258e-02
3.526000000000000000e+03,8.743999999999999551e-01,5.828985105835364500e-02
3.527000000000000000e+03,8.743999999999999551e-01,5.828985105835364500e-02
3.528000000000000000e+03,8.745000000000000551e-01,5.824018618530464597e-02
3.529000000000000000e+03,8.745000000000000551e-01,5.824018618530464597e-02
3.530000000000000000e+03,8.745000000000000551e-01,5.824018618530464597e-02
3.531000000000000000e+03,8.745000000000000551e-01,5.824018618530464597e-02
3.532000000000000000e+03,8.746000000000000441e-01,5.819052699116178395e-02
3.533000000000000000e+03,8.746000000000000441e-01,5.819052699116178395e-02
3.534000000000000000e+03,8.746000000000000441e-01,5.819052699116178395e-02
3.535000000000000000e+03,8.746000000000000441e-01,5.819052699116178395e-02
3.536000000000000000e+03,8.747000000000000330e-01,5.814087347462645189e-02
3.537000000000000000e+03,8.745000000000000551e-01,5.824018618530464597e-02
3.538000000000000000e+03,8.743999999999999551e-01,5.828985105835364500e-02
3.539000000000000000e+03,8.741999999999999771e-01,5.838919784636623783e-02
3.540000000000000000e+03,8.740999999999999881e-01,5.843887976392921763e-02
3.541000000000000000e+03,8.739000000000000101e-01,5.853826065267025980e-02
3.542000000000000000e+03,8.737000000000000322e-01,5.863766428823885546e-02
3.543000000000000000e+03,8.735000000000000542e-01,5.873709068105022885e-02
3.544000000000000000e+03,8.732999999999999652e-01,5.883653984152679983e-02
3.545000000000000000e+03,8.730999999999999872e-01,5.893601178009798963e-02
3.546000000000000000e+03,8.729999999999999982e-01,5.898575629443027213e-02
3.547000000000000000e+03,8.728000000000000203e-01,5.908526241971452653e-02
3.548000000000000000e+03,8.726000000000000423e-01,5.918479134919865658e-02
3.549000000000000000e+03,8.723999999999999533e-01,5.928434309333736191e-02
3.550000000000000000e+03,8.721999999999999753e-01,5.938391766259237120e-02
3.551000000000000000e+03,8.719999999999999973e-01,5.948351506743278228e-02
3.552000000000000000e+03,8.719000000000000083e-01,5.953332233647105204e-02
3.553000000000000000e+03,8.717000000000000304e-01,5.963295401433476445e-02
3.554000000000000000e+03,8.716000000000000414e-01,5.968277842578196407e-02
3.555000000000000000e+03,8.717000000000000304e-01,5.963295401433476445e-02
3.556000000000000000e+03,8.718000000000000194e-01,5.958313531833482612e-02
3.557000000000000000e+03,8.718000000000000194e-01,5.958313531833482612e-02
3.558000000000000000e+03,8.719000000000000083e-01,5.953332233647105204e-02
3.559000000000000000e+03,8.719000000000000083e-01,5.953332233647105204e-02
3.560000000000000000e+03,8.719999999999999973e-01,5.948351506743278228e-02
3.561000000000000000e+03,8.720999999999999863e-01,5.943371350990980795e-02
3.562000000000000000e+03,8.721999999999999753e-01,5.938391766259237120e-02
3.563000000000000000e+03,8.721999999999999753e-01,5.938391766259237120e-02
3.564000000000000000e+03,8.722999999999999643e-01,5.933412752417117214e-02
3.565000000000000000e+03,8.722999999999999643e-01,5.933412752417117214e-02
3.566000000000000000e+03,8.722999999999999643e-01,5.933412752417117214e-02
3.567000000000000000e+03,8.720999999999999863e-01,5.943371350990980795e-02
3.568000000000000000e+03,8.719999999999999973e-01,5.948351506743278228e-02
3.569000000000000000e+03,8.719000000000000083e-01,5.953332233647105204e-02
3.570000000000000000e+03,8.718000000000000194e-01,5.958313531833482612e-02
3.571000000000000000e+03,8.716000000000000414e-01,5.968277842578196407e-02
3.572000000000000000e+03,8.715000000000000524e-01,5.973260855398799390e-02
3.573000000000000000e+03,8.713999999999999524e-01,5.978244440026492246e-02
3.574000000000000000e+03,8.712999999999999634e-01,5.983228596592508886e-02
3.575000000000000000e+03,8.710999999999999854e-01,5.993198626064743378e-02
3.576000000000000000e+03,8.709999999999999964e-01,5.998184499233679551e-02
3.577000000000000000e+03,8.709000000000000075e-01,6.003170944866383085e-02
3.578000000000000000e+03,8.708000000000000185e-01,6.008157963094326592e-02
3.579000000000000000e+03,8.707000000000000295e-01,6.013145554049026398e-02
3.580000000000000000e+03,8.706000000000000405e-01,6.018133717862047399e-02
3.581000000000000000e+03,8.703999999999999515e-01,6.028111764589533933e-02
3.582000000000000000e+03,8.701999999999999735e-01,6.038092104330185922e-02
3.583000000000000000e+03,8.699000000000000066e-01,6.053066915646986013e-02
3.584000000000000000e+03,8.696000000000000396e-01,6.068046892176185564e-02
3.585000000000000000e+03,8.692999999999999616e-01,6.083032037482258292e-02
3.586000000000000000e+03,8.690999999999999837e-01,6.093025007657576486e-02
3.587000000000000000e+03,8.688000000000000167e-01,6.108018775522826294e-02
3.588000000000000000e+03,8.685000000000000497e-01,6.123017721688253645e-02
3.589000000000000000e+03,8.681999999999999718e-01,6.138021849731890855e-02
3.590000000000000000e+03,8.679999999999999938e-01,6.148027482350810341e-02
3.591000000000000000e+03,8.677000000000000268e-01,6.163040254819367181e-02
3.592000000000000000e+03,8.673999999999999488e-01,6.178058218725691886e-02
3.593000000000000000e+03,8.670999999999999819e-01,6.193081377661427411e-02
3.594000000000000000e+03,8.669000000000000039e-01,6.203099704854716373e-02
3.595000000000000000e+03,8.666000000000000369e-01,6.218131530164398152e-02
3.596000000000000000e+03,8.662999999999999590e-01,6.233168560099491134e-02
3.597000000000000000e+03,8.659999999999999920e-01,6.248210798265336346e-02
3.598000000000000000e+03,8.658000000000000140e-01,6.258241852286215712e-02
3.599000000000000000e+03,8.656000000000000361e-01,6.268275223750575942e-02
3.600000000000000000e+03,8.655000000000000471e-01,6.273292778858730045e-02
3.601000000000000000e+03,8.652999999999999581e-01,6.283329628496735209e-02
3.602000000000000000e+03,8.651999999999999691e-01,6.288348923294614923e-02
3.603000000000000000e+03,8.649999999999999911e-01,6.298389253518578423e-02
3.604000000000000000e+03,8.649000000000000021e-01,6.303410289212976747e-02
3.605000000000000000e+03,8.647000000000000242e-01,6.313454102437741911e-02
3.606000000000000000e+03,8.646000000000000352e-01,6.318476880236705007e-02
3.607000000000000000e+03,8.643999999999999462e-01,6.328524178879629813e-02
3.608000000000000000e+03,8.642999999999999572e-01,6.333548699992462561e-02
3.609000000000000000e+03,8.641999999999999682e-01,6.338573802478869590e-02
3.610000000000000000e+03,8.640999999999999792e-01,6.343599486473405769e-02
3.611000000000000000e+03,8.639000000000000012e-01,6.353652599525314026e-02
3.612000000000000000e+03,8.638000000000000123e-01,6.358680028852028987e-02
3.613000000000000000e+03,8.636000000000000343e-01,6.368736633780680556e-02
3.614000000000000000e+03,8.635000000000000453e-01,6.373765809652238989e-02
3.615000000000000000e+03,8.632999999999999563e-01,6.383825908884238620e-02
3.616000000000000000e+03,8.631999999999999673e-01,6.388856832514576423e-02
3.617000000000000000e+03,8.632999999999999563e-01,6.383825908884238620e-02
3.618000000000000000e+03,8.635000000000000453e-01,6.373765809652238989e-02
3.619000000000000000e+03,8.638000000000000123e-01,6.358680028852028987e-02
3.620000000000000000e+03,8.641999999999999682e-01,6.338573802478869590e-02
3.621000000000000000e+03,8.646000000000000352e-01,6.318476880236705007e-02
3.622000000000000000e+03,8.649999999999999911e-01,6.298389253518578423e-02
3.623000000000000000e+03,8.653999999999999471e-01,6.278310913729455434e-02
3.624000000000000000e+03,8.658000000000000140e-01,6.258241852286215712e-02
3.625000000000000000e+03,8.660999999999999810e-01,6.243196139961708357e-02
3.626000000000000000e+03,8.665000000000000480e-01,6.223143295006416942e-02
3.627000000000000000e+03,8.665000000000000480e-01,6.223143295006416942e-02
3.628000000000000000e+03,8.666000000000000369e-01,6.218131530164398152e-02
3.629000000000000000e+03,8.662999999999999590e-01,6.233168560099491134e-02
3.630000000000000000e+03,8.659999999999999920e-01,6.248210798265336346e-02
3.631000000000000000e+03,8.656000000000000361e-01,6.268275223750575942e-02
3.632000000000000000e+03,8.652999999999999581e-01,6.283329628496735209e-02
3.633000000000000000e+03,8.649000000000000021e-01,6.303410289212976747e-02
3.634000000000000000e+03,8.646000000000000352e-01,6.318476880236705007e-02
3.635000000000000000e+03,8.639000000000000012e-01,6.353652599525314026e-02
3.636000000000000000e+03,8.632999999999999563e-01,6.383825908884238620e-02
3.637000000000000000e+03,8.626000000000000334e-01,6.419054619006710205e-02
3.638000000000000000e+03,8.618999999999999995e-01,6.454311928839009949e-02
3.639000000000000000e+03,8.633999999999999453e-01,6.378795567975119318e-02
3.640000000000000000e+03,8.649000000000000021e-01,6.303410289212976747e-02
3.641000000000000000e+03,8.665000000000000480e-01,6.223143295006416942e-02
3.642000000000000000e+03,8.681999999999999718e-01,6.138021849731890855e-02
3.643000000000000000e+03,8.698000000000000176e-01,6.058059667068283610e-02
3.644000000000000000e+03,8.713999999999999524e-01,5.978244440026492246e-02
3.645000000000000000e+03,8.722999999999999643e-01,5.933412752417117214e-02
3.646000000000000000e+03,8.732999999999999652e-01,5.883653984152679983e-02
3.647000000000000000e+03,8.741999999999999771e-01,5.838919784636623783e-02
3.648000000000000000e+03,8.750999999999999890e-01,5.794231615860489376e-02
3.649000000000000000e+03,8.750999999999999890e-01,5.794231615860489376e-02
3.650000000000000000e+03,8.750999999999999890e-01,5.794231615860489376e-02
3.651000000000000000e+03,8.750999999999999890e-01,5.794231615860489376e-02
3.652000000000000000e+03,8.750999999999999890e-01,5.794231615860489376e-02
3.653000000000000000e+03,8.747000000000000330e-01,5.814087347462645189e-02
3.654000000000000000e+03,8.742999999999999661e-01,5.833952161160767258e-02
3.655000000000000000e+03,8.737000000000000322e-01,5.863766428823885546e-02
3.656000000000000000e+03,8.731999999999999762e-01,5.888627296289843105e-02
3.657000000000000000e+03,8.718000000000000194e-01,5.958313531833482612e-02
3.658000000000000000e+03,8.705000000000000515e-01,6.023122454664996822e-02
3.659000000000000000e+03,8.680999999999999828e-01,6.143024377893883947e-02
3.660000000000000000e+03,8.657000000000000250e-01,6.263258248271039164e-02
3.661000000000000000e+03,8.632999999999999563e-01,6.383825908884238620e-02
3.662000000000000000e+03,8.609999999999999876e-01,6.499684854634524278e-02
3.663000000000000000e+03,8.608999999999999986e-01,6.504729218214191921e-02
3.664000000000000000e+03,8.608999999999999986e-01,6.504729218214191921e-02
3.665000000000000000e+03,8.609999999999999876e-01,6.499684854634524278e-02
3.666000000000000000e+03,8.610999999999999766e-01,6.494641076893495346e-02
3.667000000000000000e+03,8.615000000000000435e-01,6.474471821595267906e-02
3.668000000000000000e+03,8.618999999999999995e-01,6.454311928839009949e-02
3.669000000000000000e+03,8.624000000000000554e-01,6.429125215733648424e-02
3.670000000000000000e+03,8.629999999999999893e-01,6.398920428479040745e-02
3.671000000000000000e+03,8.646000000000000352e-01,6.318476880236705007e-02
3.672000000000000000e+03,8.662999999999999590e-01,6.233168560099491134e-02
3.673000000000000000e+03,8.676000000000000378e-01,6.168045665784432918e-02
3.674000000000000000e+03,8.689999999999999947e-01,6.098022355133353445e-02
3.675000000000000000e+03,8.700999999999999845e-01,6.043083134409841378e-02
3.676000000000000000e+03,8.712999999999999634e-01,5.983228596592508886e-02
3.677000000000000000e+03,8.720999999999999863e-01,5.943371350990980795e-02
3.678000000000000000e+03,8.729999999999999982e-01,5.898575629443027213e-02
3.679000000000000000e+03,8.735000000000000542e-01,5.873709068105022885e-02
3.680000000000000000e+03,8.740999999999999881e-01,5.843887976392921763e-02
3.681000000000000000e+03,8.742999999999999661e-01,5.833952161160767258e-02
3.682000000000000000e+03,8.746000000000000441e-01,5.819052699116178395e-02
3.683000000000000000e+03,8.749000000000000110e-01,5.804158346918637801e-02
3.684000000000000000e+03,8.751999999999999780e-01,5.789269101064445366e-02
3.685000000000000000e+03,8.753999999999999559e-01,5.779345772290477717e-02
3.686000000000000000e+03,8.757000000000000339e-01,5.764465029232319904e-02
3.687000000000000000e+03,8.759000000000000119e-01,5.754547365752289007e-02
3.688000000000000000e+03,8.761999999999999789e-01,5.739675115784342169e-02
3.689000000000000000e+03,8.763999999999999568e-01,5.729763111133231307e-02
3.690000000000000000e+03,8.766000000000000458e-01,5.719853368205957828e-02
3.691000000000000000e+03,8.768000000000000238e-01,5.709945885970604817e-02
3.692000000000000000e+03,8.770999999999999908e-01,5.695088899159317375e-02
3.693000000000000000e+03,8.772999999999999687e-01,5.685187064143710362e-02
3.694000000000000000e+03,8.774999999999999467e-01,5.675287486213833471e-02
3.695000000000000000e+03,8.774999999999999467e-01,5.675287486213833471e-02
3.696000000000000000e+03,8.774999999999999467e-01,5.675287486213833471e-02
3.697000000000000000e+03,8.774999999999999467e-01,5.675287486213833471e-02
3.698000000000000000e+03,8.776000000000000467e-01,5.670338543334525749e-02
3.699000000000000000e+03,8.776000000000000467e-01,5.670338543334525749e-02
3.700000000000000000e+03,8.777000000000000357e-01,5.665390164340929069e-02
3.701000000000000000e+03,8.777000000000000357e-01,5.665390164340929069e-02
3.702000000000000000e+03,8.778000000000000247e-01,5.660442349104552462e-02
3.703000000000000000e+03,8.776000000000000467e-01,5.670338543334525749e-02
3.704000000000000000e+03,8.774999999999999467e-01,5.675287486213833471e-02
3.705000000000000000e+03,8.771999999999999797e-01,5.690137699451472408e-02
3.706000000000000000e+03,8.770000000000000018e-01,5.700040663395947865e-02
3.707000000000000000e+03,8.767000000000000348e-01,5.714899344566259226e-02
3.708000000000000000e+03,8.763999999999999568e-01,5.729763111133231307e-02
3.709000000000000000e+03,8.758000000000000229e-01,5.759505914389326936e-02
3.710000000000000000e+03,8.752999999999999670e-01,5.784307153250956707e-02
3.711000000000000000e+03,8.746000000000000441e-01,5.819052699116178395e-02
3.712000000000000000e+03,8.739000000000000101e-01,5.853826065267025980e-02
3.713000000000000000e+03,8.731999999999999762e-01,5.888627296289843105e-02
3.714000000000000000e+03,8.726000000000000423e-01,5.918479134919865658e-02
3.715000000000000000e+03,8.719000000000000083e-01,5.953332233647105204e-02
3.716000000000000000e+03,8.711999999999999744e-01,5.988213325228147060e-02
3.717000000000000000e+03,8.705000000000000515e-01,6.023122454664996822e-02
3.718000000000000000e+03,8.698000000000000176e-01,6.058059667068283610e-02
3.719000000000000000e+03,8.691999999999999726e-01,6.088028235151308337e-02
3.720000000000000000e+03,8.686000000000000387e-01,6.118017497378968467e-02
3.721000000000000000e+03,8.679999999999999938e-01,6.148027482350810341e-02
3.722000000000000000e+03,8.673999999999999488e-01,6.178058218725691886e-02
3.723000000000000000e+03,8.667000000000000259e-01,6.213120343614059876e-02
3.724000000000000000e+03,8.660999999999999810e-01,6.243196139961708357e-02
3.725000000000000000e+03,8.653999999999999471e-01,6.278310913729455434e-02
3.726000000000000000e+03,8.647000000000000242e-01,6.313454102437741911e-02
3.727000000000000000e+03,8.640999999999999792e-01,6.343599486473405769e-02
3.728000000000000000e+03,8.635000000000000453e-01,6.373765809652238989e-02
3.729000000000000000e+03,8.637000000000000233e-01,6.363708040225554696e-02
3.730000000000000000e+03,8.639000000000000012e-01,6.353652599525314026e-02
3.731000000000000000e+03,8.640999999999999792e-01,6.343599486473405769e-02
3.732000000000000000e+03,8.643999999999999462e-01,6.328524178879629813e-02
3.733000000000000000e+03,8.648000000000000131e-01,6.308431905474606860e-02
3.734000000000000000e+03,8.651999999999999691e-01,6.288348923294614923e-02
3.735000000000000000e+03,8.656000000000000361e-01,6.268275223750575942e-02
3.736000000000000000e+03,8.659999999999999920e-01,6.248210798265336346e-02
3.737000000000000000e+03,8.663999999999999480e-01,6.228155638273608075e-02
3.738000000000000000e+03,8.668000000000000149e-01,6.208109735221963715e-02
3.739000000000000000e+03,8.673999999999999488e-01,6.178058218725691886e-02
3.740000000000000000e+03,8.679999999999999938e-01,6.148027482350810341e-02
3.741000000000000000e+03,8.686000000000000387e-01,6.118017497378968467e-02
3.742000000000000000e+03,8.691999999999999726e-01,6.088028235151308337e-02
3.743000000000000000e+03,8.698000000000000176e-01,6.058059667068283610e-02
3.744000000000000000e+03,8.705000000000000515e-01,6.023122454664996822e-02
3.745000000000000000e+03,8.711999999999999744e-01,5.988213325228147060e-02
3.746000000000000000e+03,8.719999999999999973e-01,5.948351506743278228e-02
3.747000000000000000e+03,8.729000000000000092e-01,5.903550650720055387e-02
3.748000000000000000e+03,8.738000000000000211e-01,5.858795962645033106e-02
3.749000000000000000e+03,8.748000000000000220e-01,5.809122563440053538e-02
3.750000000000000000e+03,8.759000000000000119e-01,5.754547365752289007e-02
3.751000000000000000e+03,8.770999999999999908e-01,5.695088899159317375e-02
3.752000000000000000e+03,8.783999999999999586e-01,5.630767289398332792e-02
3.753000000000000000e+03,8.794999999999999485e-01,5.576415620651995614e-02
3.754000000000000000e+03,8.806000000000000494e-01,5.522131887649302240e-02
3.755000000000000000e+03,8.816000000000000503e-01,5.472841849229014705e-02
3.756000000000000000e+03,8.826000000000000512e-01,5.423607688882622901e-02
3.757000000000000000e+03,8.830999999999999961e-01,5.399011523423512260e-02
3.758000000000000000e+03,8.836000000000000520e-01,5.374429280060265268e-02
3.759000000000000000e+03,8.836000000000000520e-01,5.374429280060265268e-02
3.760000000000000000e+03,8.836000000000000520e-01,5.374429280060265268e-02
3.761000000000000000e+03,8.836000000000000520e-01,5.374429280060265268e-02
3.762000000000000000e+03,8.836000000000000520e-01,5.374429280060265268e-02
3.763000000000000000e+03,8.834999999999999520e-01,5.379344615721713685e-02
3.764000000000000000e+03,8.834999999999999520e-01,5.379344615721713685e-02
3.765000000000000000e+03,8.832999999999999741e-01,5.389176956309402883e-02
3.766000000000000000e+03,8.831999999999999851e-01,5.394093961487632372e-02
3.767000000000000000e+03,8.830999999999999961e-01,5.399011523423512260e-02
3.768000000000000000e+03,8.830000000000000071e-01,5.403929642243140985e-02
3.769000000000000000e+03,8.830000000000000071e-01,5.403929642243140985e-02
3.770000000000000000e+03,8.830999999999999961e-01,5.399011523423512260e-02
3.771000000000000000e+03,8.832999999999999741e-01,5.389176956309402883e-02
3.772000000000000000e+03,8.834999999999999520e-01,5.379344615721713685e-02
3.773000000000000000e+03,8.837000000000000410e-01,5.369514500652505795e-02
3.774000000000000000e+03,8.840000000000000080e-01,5.354773498692690786e-02
3.775000000000000000e+03,8.842999999999999750e-01,5.340037498486732703e-02
3.776000000000000000e+03,8.846000000000000529e-01,5.325306496641498549e-02
3.777000000000000000e+03,8.850999999999999979e-01,5.300765925162767567e-02
3.778000000000000000e+03,8.856000000000000538e-01,5.276239212933358375e-02
3.779000000000000000e+03,8.861999999999999877e-01,5.246825430440688054e-02
3.780000000000000000e+03,8.868000000000000327e-01,5.217431555754942218e-02
3.781000000000000000e+03,8.870999999999999996e-01,5.202742075421992740e-02
3.782000000000000000e+03,8.873999999999999666e-01,5.188057561946392976e-02
3.783000000000000000e+03,8.877000000000000446e-01,5.173378011970451718e-02
3.784000000000000000e+03,8.880000000000000115e-01,5.158703422139897243e-02
3.785000000000000000e+03,8.882999999999999785e-01,5.144033789103840543e-02
3.786000000000000000e+03,8.885999999999999455e-01,5.129369109514791275e-02
3.787000000000000000e+03,8.889000000000000234e-01,5.114709380028645974e-02
3.788000000000000000e+03,8.892999999999999794e-01,5.095170768433619768e-02
3.789000000000000000e+03,8.895999999999999464e-01,5.080522576201777774e-02
3.790000000000000000e+03,8.899000000000000243e-01,5.065879322950263969e-02
3.791000000000000000e+03,8.901999999999999913e-01,5.051241005349628443e-02
3.792000000000000000e+03,8.904999999999999583e-01,5.036607620073767916e-02
3.793000000000000000e+03,8.904999999999999583e-01,5.036607620073767916e-02
3.794000000000000000e+03,8.905999999999999472e-01,5.031730920479589309e-02
